TABLE_NAME	COLUMN_NAME	DATA_TYPE	MAX_LENGTH	IS_NULLABLE	DEFAULT_VALUE	PRIMARY_KEY	FOREIGN_KEY	REFERENCED_TABLE	REFERENCED_COLUMN
action_mailbox_inbound_emails	id	bigint	8	NO	NULL	PK_action_mailbox_inbound_emails_id	NULL	NULL	NULL
action_mailbox_inbound_emails	status	int	4	NO	((0))	NULL	NULL	NULL	NULL
action_mailbox_inbound_emails	message_id	nvarchar	510	NO	NULL	NULL	NULL	NULL	NULL
action_mailbox_inbound_emails	message_checksum	nvarchar	510	NO	NULL	NULL	NULL	NULL	NULL
action_mailbox_inbound_emails	created_at	datetime2	8	NO	NULL	NULL	NULL	NULL	NULL
action_mailbox_inbound_emails	updated_at	datetime2	8	NO	NULL	NULL	NULL	NULL	NULL
action_text_rich_texts	id	bigint	8	NO	NULL	PK_action_text_rich_texts_id	NULL	NULL	NULL
action_text_rich_texts	name	nvarchar	510	NO	NULL	NULL	NULL	NULL	NULL
action_text_rich_texts	body	nvarchar	-1	YES	NULL	NULL	NULL	NULL	NULL
action_text_rich_texts	record_type	nvarchar	510	NO	NULL	NULL	NULL	NULL	NULL
action_text_rich_texts	record_id	bigint	8	NO	NULL	NULL	NULL	NULL	NULL
action_text_rich_texts	created_at	datetime2	8	NO	NULL	NULL	NULL	NULL	NULL
action_text_rich_texts	updated_at	datetime2	8	NO	NULL	NULL	NULL	NULL	NULL
active_storage_attachments	id	bigint	8	NO	NULL	PK_active_storage_attachments_id	NULL	NULL	NULL
active_storage_attachments	name	nvarchar	510	NO	NULL	NULL	NULL	NULL	NULL
active_storage_attachments	record_type	nvarchar	510	NO	NULL	NULL	NULL	NULL	NULL
active_storage_attachments	record_id	bigint	8	NO	NULL	NULL	NULL	NULL	NULL
active_storage_attachments	blob_id	bigint	8	NO	NULL	NULL	active_storage_attachments$fk_rails_c3b3935057	active_storage_blobs	id
active_storage_attachments	created_at	datetime2	6	NO	NULL	NULL	NULL	NULL	NULL
active_storage_blobs	id	bigint	8	NO	NULL	PK_active_storage_blobs_id	NULL	NULL	NULL
active_storage_blobs	key	nvarchar	510	NO	NULL	NULL	NULL	NULL	NULL
active_storage_blobs	filename	nvarchar	510	NO	NULL	NULL	NULL	NULL	NULL
active_storage_blobs	content_type	nvarchar	510	YES	(NULL)	NULL	NULL	NULL	NULL
active_storage_blobs	metadata	nvarchar	-1	YES	NULL	NULL	NULL	NULL	NULL
active_storage_blobs	byte_size	bigint	8	NO	NULL	NULL	NULL	NULL	NULL
active_storage_blobs	checksum	nvarchar	510	NO	NULL	NULL	NULL	NULL	NULL
active_storage_blobs	created_at	datetime2	6	NO	NULL	NULL	NULL	NULL	NULL
ar_internal_metadata	key	nvarchar	510	NO	NULL	PK_ar_internal_metadata_key	NULL	NULL	NULL
ar_internal_metadata	value	nvarchar	510	YES	(NULL)	NULL	NULL	NULL	NULL
ar_internal_metadata	created_at	datetime2	8	NO	NULL	NULL	NULL	NULL	NULL
ar_internal_metadata	updated_at	datetime2	8	NO	NULL	NULL	NULL	NULL	NULL
friendly_id_slugs	id	int	4	NO	NULL	PK_friendly_id_slugs_id	NULL	NULL	NULL
friendly_id_slugs	slug	nvarchar	510	NO	NULL	NULL	NULL	NULL	NULL
friendly_id_slugs	sluggable_id	int	4	NO	NULL	NULL	NULL	NULL	NULL
friendly_id_slugs	sluggable_type	nvarchar	100	YES	(NULL)	NULL	NULL	NULL	NULL
friendly_id_slugs	scope	nvarchar	510	YES	(NULL)	NULL	NULL	NULL	NULL
friendly_id_slugs	created_at	datetime2	8	YES	(NULL)	NULL	NULL	NULL	NULL
friendly_id_slugs	updated_at	datetime2	8	YES	(NULL)	NULL	NULL	NULL	NULL
schema_migrations	version	nvarchar	510	NO	NULL	PK_schema_migrations_version	NULL	NULL	NULL
spree_addresses	id	int	4	NO	NULL	PK_spree_addresses_id	NULL	NULL	NULL
spree_addresses	firstname	nvarchar	510	YES	(NULL)	NULL	NULL	NULL	NULL
spree_addresses	lastname	nvarchar	510	YES	(NULL)	NULL	NULL	NULL	NULL
spree_addresses	address1	nvarchar	510	YES	(NULL)	NULL	NULL	NULL	NULL
spree_addresses	address2	nvarchar	510	YES	(NULL)	NULL	NULL	NULL	NULL
spree_addresses	city	nvarchar	510	YES	(NULL)	NULL	NULL	NULL	NULL
spree_addresses	zipcode	nvarchar	510	YES	(NULL)	NULL	NULL	NULL	NULL
spree_addresses	phone	nvarchar	510	YES	(NULL)	NULL	NULL	NULL	NULL
spree_addresses	state_name	nvarchar	510	YES	(NULL)	NULL	NULL	NULL	NULL
spree_addresses	alternative_phone	nvarchar	510	YES	(NULL)	NULL	NULL	NULL	NULL
spree_addresses	company	nvarchar	510	YES	(NULL)	NULL	NULL	NULL	NULL
spree_addresses	state_id	int	4	YES	(NULL)	NULL	NULL	NULL	NULL
spree_addresses	country_id	int	4	YES	(NULL)	NULL	NULL	NULL	NULL
spree_addresses	created_at	datetime2	8	YES	(NULL)	NULL	NULL	NULL	NULL
spree_addresses	updated_at	datetime2	8	YES	(NULL)	NULL	NULL	NULL	NULL
spree_adjustment_reasons	id	int	4	NO	NULL	PK_spree_adjustment_reasons_id	NULL	NULL	NULL
spree_adjustment_reasons	name	nvarchar	510	YES	(NULL)	NULL	NULL	NULL	NULL
spree_adjustment_reasons	code	nvarchar	510	YES	(NULL)	NULL	NULL	NULL	NULL
spree_adjustment_reasons	active	smallint	2	YES	((1))	NULL	NULL	NULL	NULL
spree_adjustment_reasons	created_at	datetime2	8	YES	(NULL)	NULL	NULL	NULL	NULL
spree_adjustment_reasons	updated_at	datetime2	8	YES	(NULL)	NULL	NULL	NULL	NULL
spree_adjustments	id	int	4	NO	NULL	PK_spree_adjustments_id	NULL	NULL	NULL
spree_adjustments	source_type	nvarchar	510	YES	(NULL)	NULL	NULL	NULL	NULL
spree_adjustments	source_id	int	4	YES	(NULL)	NULL	NULL	NULL	NULL
spree_adjustments	adjustable_type	nvarchar	510	YES	(NULL)	NULL	NULL	NULL	NULL
spree_adjustments	adjustable_id	int	4	NO	NULL	NULL	NULL	NULL	NULL
spree_adjustments	amount	decimal	9	YES	(NULL)	NULL	NULL	NULL	NULL
spree_adjustments	label	nvarchar	510	YES	(NULL)	NULL	NULL	NULL	NULL
spree_adjustments	eligible	smallint	2	YES	((1))	NULL	NULL	NULL	NULL
spree_adjustments	created_at	datetime2	8	YES	(NULL)	NULL	NULL	NULL	NULL
spree_adjustments	updated_at	datetime2	8	YES	(NULL)	NULL	NULL	NULL	NULL
spree_adjustments	order_id	int	4	NO	NULL	NULL	NULL	NULL	NULL
spree_adjustments	included	smallint	2	YES	((0))	NULL	NULL	NULL	NULL
spree_adjustments	promotion_code_id	int	4	YES	(NULL)	NULL	NULL	NULL	NULL
spree_adjustments	adjustment_reason_id	int	4	YES	(NULL)	NULL	NULL	NULL	NULL
spree_adjustments	finalized	smallint	2	NO	((0))	NULL	NULL	NULL	NULL
spree_assets	id	int	4	NO	NULL	PK_spree_assets_id	NULL	NULL	NULL
spree_assets	viewable_type	nvarchar	510	YES	(NULL)	NULL	NULL	NULL	NULL
spree_assets	viewable_id	int	4	YES	(NULL)	NULL	NULL	NULL	NULL
spree_assets	attachment_width	int	4	YES	(NULL)	NULL	NULL	NULL	NULL
spree_assets	attachment_height	int	4	YES	(NULL)	NULL	NULL	NULL	NULL
spree_assets	attachment_file_size	int	4	YES	(NULL)	NULL	NULL	NULL	NULL
spree_assets	position	int	4	YES	(NULL)	NULL	NULL	NULL	NULL
spree_assets	attachment_content_type	nvarchar	510	YES	(NULL)	NULL	NULL	NULL	NULL
spree_assets	attachment_file_name	nvarchar	510	YES	(NULL)	NULL	NULL	NULL	NULL
spree_assets	type	nvarchar	150	YES	(NULL)	NULL	NULL	NULL	NULL
spree_assets	attachment_updated_at	datetime2	6	YES	(NULL)	NULL	NULL	NULL	NULL
spree_assets	alt	nvarchar	-1	YES	NULL	NULL	NULL	NULL	NULL
spree_assets	created_at	datetime2	8	YES	(NULL)	NULL	NULL	NULL	NULL
spree_assets	updated_at	datetime2	8	YES	(NULL)	NULL	NULL	NULL	NULL
spree_calculators	id	int	4	NO	NULL	PK_spree_calculators_id	NULL	NULL	NULL
spree_calculators	type	nvarchar	510	YES	(NULL)	NULL	NULL	NULL	NULL
spree_calculators	calculable_type	nvarchar	510	YES	(NULL)	NULL	NULL	NULL	NULL
spree_calculators	calculable_id	int	4	YES	(NULL)	NULL	NULL	NULL	NULL
spree_calculators	created_at	datetime2	8	YES	(NULL)	NULL	NULL	NULL	NULL
spree_calculators	updated_at	datetime2	8	YES	(NULL)	NULL	NULL	NULL	NULL
spree_calculators	preferences	nvarchar	-1	YES	NULL	NULL	NULL	NULL	NULL
spree_cartons	id	int	4	NO	NULL	PK_spree_cartons_id	NULL	NULL	NULL
spree_cartons	number	nvarchar	510	YES	(NULL)	NULL	NULL	NULL	NULL
spree_cartons	external_number	nvarchar	510	YES	(NULL)	NULL	NULL	NULL	NULL
spree_cartons	stock_location_id	int	4	YES	(NULL)	NULL	NULL	NULL	NULL
spree_cartons	address_id	int	4	YES	(NULL)	NULL	NULL	NULL	NULL
spree_cartons	shipping_method_id	int	4	YES	(NULL)	NULL	NULL	NULL	NULL
spree_cartons	tracking	nvarchar	510	YES	(NULL)	NULL	NULL	NULL	NULL
spree_cartons	shipped_at	datetime2	6	YES	(NULL)	NULL	NULL	NULL	NULL
spree_cartons	created_at	datetime2	8	YES	(NULL)	NULL	NULL	NULL	NULL
spree_cartons	updated_at	datetime2	8	YES	(NULL)	NULL	NULL	NULL	NULL
spree_cartons	imported_from_shipment_id	int	4	YES	(NULL)	NULL	NULL	NULL	NULL
spree_countries	id	int	4	NO	NULL	PK_spree_countries_id	NULL	NULL	NULL
spree_countries	iso_name	nvarchar	510	YES	(NULL)	NULL	NULL	NULL	NULL
spree_countries	iso	nvarchar	510	YES	(NULL)	NULL	NULL	NULL	NULL
spree_countries	iso3	nvarchar	510	YES	(NULL)	NULL	NULL	NULL	NULL
spree_countries	name	nvarchar	510	YES	(NULL)	NULL	NULL	NULL	NULL
spree_countries	numcode	int	4	YES	(NULL)	NULL	NULL	NULL	NULL
spree_countries	states_required	smallint	2	YES	((0))	NULL	NULL	NULL	NULL
spree_countries	updated_at	datetime2	8	YES	(NULL)	NULL	NULL	NULL	NULL
spree_countries	created_at	datetime2	8	YES	(NULL)	NULL	NULL	NULL	NULL
spree_credit_cards	id	int	4	NO	NULL	PK_spree_credit_cards_id	NULL	NULL	NULL
spree_credit_cards	month	nvarchar	510	YES	(NULL)	NULL	NULL	NULL	NULL
spree_credit_cards	year	nvarchar	510	YES	(NULL)	NULL	NULL	NULL	NULL
spree_credit_cards	cc_type	nvarchar	510	YES	(NULL)	NULL	NULL	NULL	NULL
spree_credit_cards	last_digits	nvarchar	510	YES	(NULL)	NULL	NULL	NULL	NULL
spree_credit_cards	gateway_customer_profile_id	nvarchar	510	YES	(NULL)	NULL	NULL	NULL	NULL
spree_credit_cards	gateway_payment_profile_id	nvarchar	510	YES	(NULL)	NULL	NULL	NULL	NULL
spree_credit_cards	created_at	datetime2	8	YES	(NULL)	NULL	NULL	NULL	NULL
spree_credit_cards	updated_at	datetime2	8	YES	(NULL)	NULL	NULL	NULL	NULL
spree_credit_cards	name	nvarchar	510	YES	(NULL)	NULL	NULL	NULL	NULL
spree_credit_cards	user_id	int	4	YES	(NULL)	NULL	NULL	NULL	NULL
spree_credit_cards	payment_method_id	int	4	YES	(NULL)	NULL	NULL	NULL	NULL
spree_credit_cards	default	smallint	2	NO	((0))	NULL	NULL	NULL	NULL
spree_credit_cards	address_id	int	4	YES	(NULL)	NULL	NULL	NULL	NULL
spree_customer_returns	id	int	4	NO	NULL	PK_spree_customer_returns_id	NULL	NULL	NULL
spree_customer_returns	number	nvarchar	510	YES	(NULL)	NULL	NULL	NULL	NULL
spree_customer_returns	stock_location_id	int	4	YES	(NULL)	NULL	NULL	NULL	NULL
spree_customer_returns	created_at	datetime2	8	YES	(NULL)	NULL	NULL	NULL	NULL
spree_customer_returns	updated_at	datetime2	8	YES	(NULL)	NULL	NULL	NULL	NULL
spree_inventory_units	id	int	4	NO	NULL	PK_spree_inventory_units_id	NULL	NULL	NULL
spree_inventory_units	state	nvarchar	510	YES	(NULL)	NULL	NULL	NULL	NULL
spree_inventory_units	variant_id	int	4	YES	(NULL)	NULL	NULL	NULL	NULL
spree_inventory_units	shipment_id	int	4	YES	(NULL)	NULL	NULL	NULL	NULL
spree_inventory_units	created_at	datetime2	8	YES	(NULL)	NULL	NULL	NULL	NULL
spree_inventory_units	updated_at	datetime2	8	YES	(NULL)	NULL	NULL	NULL	NULL
spree_inventory_units	pending	smallint	2	YES	((1))	NULL	NULL	NULL	NULL
spree_inventory_units	line_item_id	int	4	YES	(NULL)	NULL	NULL	NULL	NULL
spree_inventory_units	carton_id	int	4	YES	(NULL)	NULL	NULL	NULL	NULL
spree_line_item_actions	id	int	4	NO	NULL	PK_spree_line_item_actions_id	NULL	NULL	NULL
spree_line_item_actions	line_item_id	int	4	NO	NULL	NULL	NULL	NULL	NULL
spree_line_item_actions	action_id	int	4	NO	NULL	NULL	NULL	NULL	NULL
spree_line_item_actions	quantity	int	4	YES	((0))	NULL	NULL	NULL	NULL
spree_line_item_actions	created_at	datetime2	8	YES	(NULL)	NULL	NULL	NULL	NULL
spree_line_item_actions	updated_at	datetime2	8	YES	(NULL)	NULL	NULL	NULL	NULL
spree_line_items	id	int	4	NO	NULL	PK_spree_line_items_id	NULL	NULL	NULL
spree_line_items	variant_id	int	4	YES	(NULL)	NULL	NULL	NULL	NULL
spree_line_items	order_id	int	4	YES	(NULL)	NULL	NULL	NULL	NULL
spree_line_items	quantity	int	4	NO	NULL	NULL	NULL	NULL	NULL
spree_line_items	price	decimal	9	NO	NULL	NULL	NULL	NULL	NULL
spree_line_items	created_at	datetime2	8	YES	(NULL)	NULL	NULL	NULL	NULL
spree_line_items	updated_at	datetime2	8	YES	(NULL)	NULL	NULL	NULL	NULL
spree_line_items	cost_price	decimal	9	YES	(NULL)	NULL	NULL	NULL	NULL
spree_line_items	tax_category_id	int	4	YES	(NULL)	NULL	NULL	NULL	NULL
spree_line_items	adjustment_total	decimal	9	YES	((0.00))	NULL	NULL	NULL	NULL
spree_line_items	additional_tax_total	decimal	9	YES	((0.00))	NULL	NULL	NULL	NULL
spree_line_items	promo_total	decimal	9	YES	((0.00))	NULL	NULL	NULL	NULL
spree_line_items	included_tax_total	decimal	9	NO	((0.00))	NULL	NULL	NULL	NULL
spree_log_entries	id	int	4	NO	NULL	PK_spree_log_entries_id	NULL	NULL	NULL
spree_log_entries	source_type	nvarchar	510	YES	(NULL)	NULL	NULL	NULL	NULL
spree_log_entries	source_id	int	4	YES	(NULL)	NULL	NULL	NULL	NULL
spree_log_entries	details	nvarchar	-1	YES	NULL	NULL	NULL	NULL	NULL
spree_log_entries	created_at	datetime2	8	YES	(NULL)	NULL	NULL	NULL	NULL
spree_log_entries	updated_at	datetime2	8	YES	(NULL)	NULL	NULL	NULL	NULL
spree_option_type_prototypes	id	int	4	NO	NULL	PK_spree_option_type_prototypes_id	NULL	NULL	NULL
spree_option_type_prototypes	prototype_id	int	4	YES	(NULL)	NULL	NULL	NULL	NULL
spree_option_type_prototypes	option_type_id	int	4	YES	(NULL)	NULL	NULL	NULL	NULL
spree_option_type_prototypes	created_at	datetime2	8	YES	(NULL)	NULL	NULL	NULL	NULL
spree_option_type_prototypes	updated_at	datetime2	8	YES	(NULL)	NULL	NULL	NULL	NULL
spree_option_types	id	int	4	NO	NULL	PK_spree_option_types_id	NULL	NULL	NULL
spree_option_types	name	nvarchar	200	YES	(NULL)	NULL	NULL	NULL	NULL
spree_option_types	presentation	nvarchar	200	YES	(NULL)	NULL	NULL	NULL	NULL
spree_option_types	position	int	4	NO	((0))	NULL	NULL	NULL	NULL
spree_option_types	created_at	datetime2	8	YES	(NULL)	NULL	NULL	NULL	NULL
spree_option_types	updated_at	datetime2	8	YES	(NULL)	NULL	NULL	NULL	NULL
spree_option_values	id	int	4	NO	NULL	PK_spree_option_values_id	NULL	NULL	NULL
spree_option_values	position	int	4	YES	(NULL)	NULL	NULL	NULL	NULL
spree_option_values	name	nvarchar	510	YES	(NULL)	NULL	NULL	NULL	NULL
spree_option_values	presentation	nvarchar	510	YES	(NULL)	NULL	NULL	NULL	NULL
spree_option_values	option_type_id	int	4	YES	(NULL)	NULL	NULL	NULL	NULL
spree_option_values	created_at	datetime2	8	YES	(NULL)	NULL	NULL	NULL	NULL
spree_option_values	updated_at	datetime2	8	YES	(NULL)	NULL	NULL	NULL	NULL
spree_option_values_variants	id	int	4	NO	NULL	PK_spree_option_values_variants_id	NULL	NULL	NULL
spree_option_values_variants	variant_id	int	4	YES	(NULL)	NULL	NULL	NULL	NULL
spree_option_values_variants	option_value_id	int	4	YES	(NULL)	NULL	NULL	NULL	NULL
spree_option_values_variants	created_at	datetime2	8	YES	(NULL)	NULL	NULL	NULL	NULL
spree_option_values_variants	updated_at	datetime2	8	YES	(NULL)	NULL	NULL	NULL	NULL
spree_order_mutexes	id	int	4	NO	NULL	PK_spree_order_mutexes_id	NULL	NULL	NULL
spree_order_mutexes	order_id	int	4	NO	NULL	NULL	NULL	NULL	NULL
spree_order_mutexes	created_at	datetime2	8	YES	(NULL)	NULL	NULL	NULL	NULL
spree_orders	id	int	4	NO	NULL	PK_spree_orders_id	NULL	NULL	NULL
spree_orders	number	nvarchar	64	YES	(NULL)	NULL	NULL	NULL	NULL
spree_orders	item_total	decimal	9	NO	((0.00))	NULL	NULL	NULL	NULL
spree_orders	total	decimal	9	NO	((0.00))	NULL	NULL	NULL	NULL
spree_orders	state	nvarchar	510	YES	(NULL)	NULL	NULL	NULL	NULL
spree_orders	adjustment_total	decimal	9	NO	((0.00))	NULL	NULL	NULL	NULL
spree_orders	user_id	int	4	YES	(NULL)	NULL	NULL	NULL	NULL
spree_orders	completed_at	datetime2	6	YES	(NULL)	NULL	NULL	NULL	NULL
spree_orders	bill_address_id	int	4	YES	(NULL)	NULL	NULL	NULL	NULL
spree_orders	ship_address_id	int	4	YES	(NULL)	NULL	NULL	NULL	NULL
spree_orders	payment_total	decimal	9	YES	((0.00))	NULL	NULL	NULL	NULL
spree_orders	shipment_state	nvarchar	510	YES	(NULL)	NULL	NULL	NULL	NULL
spree_orders	payment_state	nvarchar	510	YES	(NULL)	NULL	NULL	NULL	NULL
spree_orders	email	nvarchar	510	YES	(NULL)	NULL	NULL	NULL	NULL
spree_orders	special_instructions	nvarchar	-1	YES	NULL	NULL	NULL	NULL	NULL
spree_orders	created_at	datetime2	8	YES	(NULL)	NULL	NULL	NULL	NULL
spree_orders	updated_at	datetime2	8	YES	(NULL)	NULL	NULL	NULL	NULL
spree_orders	currency	nvarchar	510	YES	(NULL)	NULL	NULL	NULL	NULL
spree_orders	last_ip_address	nvarchar	510	YES	(NULL)	NULL	NULL	NULL	NULL
spree_orders	created_by_id	int	4	YES	(NULL)	NULL	NULL	NULL	NULL
spree_orders	shipment_total	decimal	9	NO	((0.00))	NULL	NULL	NULL	NULL
spree_orders	additional_tax_total	decimal	9	YES	((0.00))	NULL	NULL	NULL	NULL
spree_orders	promo_total	decimal	9	YES	((0.00))	NULL	NULL	NULL	NULL
spree_orders	channel	nvarchar	510	YES	(N'spree')	NULL	NULL	NULL	NULL
spree_orders	included_tax_total	decimal	9	NO	((0.00))	NULL	NULL	NULL	NULL
spree_orders	item_count	int	4	YES	((0))	NULL	NULL	NULL	NULL
spree_orders	approver_id	int	4	YES	(NULL)	NULL	NULL	NULL	NULL
spree_orders	approved_at	datetime2	6	YES	(NULL)	NULL	NULL	NULL	NULL
spree_orders	confirmation_delivered	smallint	2	YES	((0))	NULL	NULL	NULL	NULL
spree_orders	guest_token	nvarchar	510	YES	(NULL)	NULL	NULL	NULL	NULL
spree_orders	canceled_at	datetime2	6	YES	(NULL)	NULL	NULL	NULL	NULL
spree_orders	canceler_id	int	4	YES	(NULL)	NULL	NULL	NULL	NULL
spree_orders	store_id	int	4	YES	(NULL)	NULL	NULL	NULL	NULL
spree_orders	approver_name	nvarchar	510	YES	(NULL)	NULL	NULL	NULL	NULL
spree_orders	frontend_viewable	smallint	2	NO	((1))	NULL	NULL	NULL	NULL
spree_orders_promotions	id	int	4	NO	NULL	PK_spree_orders_promotions_id	NULL	NULL	NULL
spree_orders_promotions	order_id	int	4	YES	(NULL)	NULL	NULL	NULL	NULL
spree_orders_promotions	promotion_id	int	4	YES	(NULL)	NULL	NULL	NULL	NULL
spree_orders_promotions	promotion_code_id	int	4	YES	(NULL)	NULL	NULL	NULL	NULL
spree_orders_promotions	created_at	datetime2	8	YES	(NULL)	NULL	NULL	NULL	NULL
spree_orders_promotions	updated_at	datetime2	8	YES	(NULL)	NULL	NULL	NULL	NULL
spree_payment_capture_events	id	int	4	NO	NULL	PK_spree_payment_capture_events_id	NULL	NULL	NULL
spree_payment_capture_events	amount	decimal	9	YES	((0.00))	NULL	NULL	NULL	NULL
spree_payment_capture_events	payment_id	int	4	YES	(NULL)	NULL	NULL	NULL	NULL
spree_payment_capture_events	created_at	datetime2	8	YES	(NULL)	NULL	NULL	NULL	NULL
spree_payment_capture_events	updated_at	datetime2	8	YES	(NULL)	NULL	NULL	NULL	NULL
spree_payment_methods	id	int	4	NO	NULL	PK_spree_payment_methods_id	NULL	NULL	NULL
spree_payment_methods	type	nvarchar	510	YES	(NULL)	NULL	NULL	NULL	NULL
spree_payment_methods	name	nvarchar	510	YES	(NULL)	NULL	NULL	NULL	NULL
spree_payment_methods	description	nvarchar	-1	YES	NULL	NULL	NULL	NULL	NULL
spree_payment_methods	active	smallint	2	YES	((1))	NULL	NULL	NULL	NULL
spree_payment_methods	deleted_at	datetime2	6	YES	(NULL)	NULL	NULL	NULL	NULL
spree_payment_methods	created_at	datetime2	8	YES	(NULL)	NULL	NULL	NULL	NULL
spree_payment_methods	updated_at	datetime2	8	YES	(NULL)	NULL	NULL	NULL	NULL
spree_payment_methods	auto_capture	smallint	2	YES	(NULL)	NULL	NULL	NULL	NULL
spree_payment_methods	preferences	nvarchar	-1	YES	NULL	NULL	NULL	NULL	NULL
spree_payment_methods	preference_source	nvarchar	510	YES	(NULL)	NULL	NULL	NULL	NULL
spree_payment_methods	position	int	4	YES	((0))	NULL	NULL	NULL	NULL
spree_payment_methods	available_to_users	smallint	2	YES	((1))	NULL	NULL	NULL	NULL
spree_payment_methods	available_to_admin	smallint	2	YES	((1))	NULL	NULL	NULL	NULL
spree_payments	id	int	4	NO	NULL	PK_spree_payments_id	NULL	NULL	NULL
spree_payments	amount	decimal	9	NO	((0.00))	NULL	NULL	NULL	NULL
spree_payments	order_id	int	4	YES	(NULL)	NULL	NULL	NULL	NULL
spree_payments	source_type	nvarchar	510	YES	(NULL)	NULL	NULL	NULL	NULL
spree_payments	source_id	int	4	YES	(NULL)	NULL	NULL	NULL	NULL
spree_payments	payment_method_id	int	4	YES	(NULL)	NULL	NULL	NULL	NULL
spree_payments	state	nvarchar	510	YES	(NULL)	NULL	NULL	NULL	NULL
spree_payments	response_code	nvarchar	510	YES	(NULL)	NULL	NULL	NULL	NULL
spree_payments	avs_response	nvarchar	510	YES	(NULL)	NULL	NULL	NULL	NULL
spree_payments	created_at	datetime2	8	YES	(NULL)	NULL	NULL	NULL	NULL
spree_payments	updated_at	datetime2	8	YES	(NULL)	NULL	NULL	NULL	NULL
spree_payments	number	nvarchar	510	YES	(NULL)	NULL	NULL	NULL	NULL
spree_payments	cvv_response_code	nvarchar	510	YES	(NULL)	NULL	NULL	NULL	NULL
spree_payments	cvv_response_message	nvarchar	510	YES	(NULL)	NULL	NULL	NULL	NULL
spree_preferences	id	int	4	NO	NULL	PK_spree_preferences_id	NULL	NULL	NULL
spree_preferences	value	nvarchar	-1	YES	NULL	NULL	NULL	NULL	NULL
spree_preferences	key	nvarchar	510	YES	(NULL)	NULL	NULL	NULL	NULL
spree_preferences	created_at	datetime2	8	YES	(NULL)	NULL	NULL	NULL	NULL
spree_preferences	updated_at	datetime2	8	YES	(NULL)	NULL	NULL	NULL	NULL
spree_prices	id	int	4	NO	NULL	PK_spree_prices_id	NULL	NULL	NULL
spree_prices	variant_id	int	4	NO	NULL	NULL	NULL	NULL	NULL
spree_prices	amount	decimal	9	YES	(NULL)	NULL	NULL	NULL	NULL
spree_prices	currency	nvarchar	510	YES	(NULL)	NULL	NULL	NULL	NULL
spree_prices	deleted_at	datetime2	6	YES	(NULL)	NULL	NULL	NULL	NULL
spree_prices	created_at	datetime2	8	YES	(NULL)	NULL	NULL	NULL	NULL
spree_prices	updated_at	datetime2	8	YES	(NULL)	NULL	NULL	NULL	NULL
spree_prices	country_iso	nvarchar	4	YES	(NULL)	NULL	NULL	NULL	NULL
spree_product_option_types	id	int	4	NO	NULL	PK_spree_product_option_types_id	NULL	NULL	NULL
spree_product_option_types	position	int	4	YES	(NULL)	NULL	NULL	NULL	NULL
spree_product_option_types	product_id	int	4	YES	(NULL)	NULL	NULL	NULL	NULL
spree_product_option_types	option_type_id	int	4	YES	(NULL)	NULL	NULL	NULL	NULL
spree_product_option_types	created_at	datetime2	8	YES	(NULL)	NULL	NULL	NULL	NULL
spree_product_option_types	updated_at	datetime2	8	YES	(NULL)	NULL	NULL	NULL	NULL
spree_product_promotion_rules	id	int	4	NO	NULL	PK_spree_product_promotion_rules_id	NULL	NULL	NULL
spree_product_promotion_rules	product_id	int	4	YES	(NULL)	NULL	NULL	NULL	NULL
spree_product_promotion_rules	promotion_rule_id	int	4	YES	(NULL)	NULL	NULL	NULL	NULL
spree_product_promotion_rules	created_at	datetime2	8	YES	(NULL)	NULL	NULL	NULL	NULL
spree_product_promotion_rules	updated_at	datetime2	8	YES	(NULL)	NULL	NULL	NULL	NULL
spree_product_properties	id	int	4	NO	NULL	PK_spree_product_properties_id	NULL	NULL	NULL
spree_product_properties	value	nvarchar	510	YES	(NULL)	NULL	NULL	NULL	NULL
spree_product_properties	product_id	int	4	YES	(NULL)	NULL	NULL	NULL	NULL
spree_product_properties	property_id	int	4	YES	(NULL)	NULL	NULL	NULL	NULL
spree_product_properties	created_at	datetime2	8	YES	(NULL)	NULL	NULL	NULL	NULL
spree_product_properties	updated_at	datetime2	8	YES	(NULL)	NULL	NULL	NULL	NULL
spree_product_properties	position	int	4	YES	((0))	NULL	NULL	NULL	NULL
spree_products	id	int	4	NO	NULL	PK_spree_products_id	NULL	NULL	NULL
spree_products	name	nvarchar	510	NO	(N'')	NULL	NULL	NULL	NULL
spree_products	description	nvarchar	-1	YES	NULL	NULL	NULL	NULL	NULL
spree_products	available_on	datetime2	6	YES	(NULL)	NULL	NULL	NULL	NULL
spree_products	deleted_at	datetime2	6	YES	(NULL)	NULL	NULL	NULL	NULL
spree_products	slug	nvarchar	510	YES	(NULL)	NULL	NULL	NULL	NULL
spree_products	meta_description	nvarchar	-1	YES	NULL	NULL	NULL	NULL	NULL
spree_products	meta_keywords	nvarchar	510	YES	(NULL)	NULL	NULL	NULL	NULL
spree_products	tax_category_id	int	4	YES	(NULL)	NULL	NULL	NULL	NULL
spree_products	shipping_category_id	int	4	YES	(NULL)	NULL	NULL	NULL	NULL
spree_products	created_at	datetime2	8	YES	(NULL)	NULL	NULL	NULL	NULL
spree_products	updated_at	datetime2	8	YES	(NULL)	NULL	NULL	NULL	NULL
spree_products	promotionable	smallint	2	YES	((1))	NULL	NULL	NULL	NULL
spree_products	meta_title	nvarchar	510	YES	(NULL)	NULL	NULL	NULL	NULL
spree_products_taxons	id	int	4	NO	NULL	PK_spree_products_taxons_id	NULL	NULL	NULL
spree_products_taxons	product_id	int	4	YES	(NULL)	NULL	NULL	NULL	NULL
spree_products_taxons	taxon_id	int	4	YES	(NULL)	NULL	NULL	NULL	NULL
spree_products_taxons	position	int	4	YES	(NULL)	NULL	NULL	NULL	NULL
spree_products_taxons	created_at	datetime2	8	YES	(NULL)	NULL	NULL	NULL	NULL
spree_products_taxons	updated_at	datetime2	8	YES	(NULL)	NULL	NULL	NULL	NULL
spree_promotion_action_line_items	id	int	4	NO	NULL	PK_spree_promotion_action_line_items_id	NULL	NULL	NULL
spree_promotion_action_line_items	promotion_action_id	int	4	YES	(NULL)	NULL	NULL	NULL	NULL
spree_promotion_action_line_items	variant_id	int	4	YES	(NULL)	NULL	NULL	NULL	NULL
spree_promotion_action_line_items	quantity	int	4	YES	((1))	NULL	NULL	NULL	NULL
spree_promotion_action_line_items	created_at	datetime2	8	YES	(NULL)	NULL	NULL	NULL	NULL
spree_promotion_action_line_items	updated_at	datetime2	8	YES	(NULL)	NULL	NULL	NULL	NULL
spree_promotion_actions	id	int	4	NO	NULL	PK_spree_promotion_actions_id	NULL	NULL	NULL
spree_promotion_actions	promotion_id	int	4	YES	(NULL)	NULL	NULL	NULL	NULL
spree_promotion_actions	position	int	4	YES	(NULL)	NULL	NULL	NULL	NULL
spree_promotion_actions	type	nvarchar	510	YES	(NULL)	NULL	NULL	NULL	NULL
spree_promotion_actions	deleted_at	datetime2	6	YES	(NULL)	NULL	NULL	NULL	NULL
spree_promotion_actions	preferences	nvarchar	-1	YES	NULL	NULL	NULL	NULL	NULL
spree_promotion_actions	created_at	datetime2	8	YES	(NULL)	NULL	NULL	NULL	NULL
spree_promotion_actions	updated_at	datetime2	8	YES	(NULL)	NULL	NULL	NULL	NULL
spree_promotion_categories	id	int	4	NO	NULL	PK_spree_promotion_categories_id	NULL	NULL	NULL
spree_promotion_categories	name	nvarchar	510	YES	(NULL)	NULL	NULL	NULL	NULL
spree_promotion_categories	created_at	datetime2	8	YES	(NULL)	NULL	NULL	NULL	NULL
spree_promotion_categories	updated_at	datetime2	8	YES	(NULL)	NULL	NULL	NULL	NULL
spree_promotion_categories	code	nvarchar	510	YES	(NULL)	NULL	NULL	NULL	NULL
spree_promotion_code_batches	id	int	4	NO	NULL	PK_spree_promotion_code_batches_id	NULL	NULL	NULL
spree_promotion_code_batches	promotion_id	int	4	NO	NULL	NULL	spree_promotion_code_batches$fk_rails_c217102f50	spree_promotions	id
spree_promotion_code_batches	base_code	nvarchar	510	NO	NULL	NULL	NULL	NULL	NULL
spree_promotion_code_batches	number_of_codes	int	4	NO	NULL	NULL	NULL	NULL	NULL
spree_promotion_code_batches	email	nvarchar	510	YES	(NULL)	NULL	NULL	NULL	NULL
spree_promotion_code_batches	error	nvarchar	510	YES	(NULL)	NULL	NULL	NULL	NULL
spree_promotion_code_batches	state	nvarchar	510	YES	(N'pending')	NULL	NULL	NULL	NULL
spree_promotion_code_batches	created_at	datetime2	8	NO	NULL	NULL	NULL	NULL	NULL
spree_promotion_code_batches	updated_at	datetime2	8	NO	NULL	NULL	NULL	NULL	NULL
spree_promotion_code_batches	join_characters	nvarchar	510	NO	(N'_')	NULL	NULL	NULL	NULL
spree_promotion_codes	id	int	4	NO	NULL	PK_spree_promotion_codes_id	NULL	NULL	NULL
spree_promotion_codes	promotion_id	int	4	NO	NULL	NULL	NULL	NULL	NULL
spree_promotion_codes	value	nvarchar	510	NO	NULL	NULL	NULL	NULL	NULL
spree_promotion_codes	created_at	datetime2	8	YES	(NULL)	NULL	NULL	NULL	NULL
spree_promotion_codes	updated_at	datetime2	8	YES	(NULL)	NULL	NULL	NULL	NULL
spree_promotion_codes	promotion_code_batch_id	int	4	YES	(NULL)	NULL	spree_promotion_codes$fk_rails_e306e312d9	spree_promotion_code_batches	id
spree_promotion_rule_taxons	id	int	4	NO	NULL	PK_spree_promotion_rule_taxons_id	NULL	NULL	NULL
spree_promotion_rule_taxons	taxon_id	int	4	YES	(NULL)	NULL	NULL	NULL	NULL
spree_promotion_rule_taxons	promotion_rule_id	int	4	YES	(NULL)	NULL	NULL	NULL	NULL
spree_promotion_rule_taxons	created_at	datetime2	8	YES	(NULL)	NULL	NULL	NULL	NULL
spree_promotion_rule_taxons	updated_at	datetime2	8	YES	(NULL)	NULL	NULL	NULL	NULL
spree_promotion_rules	id	int	4	NO	NULL	PK_spree_promotion_rules_id	NULL	NULL	NULL
spree_promotion_rules	promotion_id	int	4	YES	(NULL)	NULL	NULL	NULL	NULL
spree_promotion_rules	product_group_id	int	4	YES	(NULL)	NULL	NULL	NULL	NULL
spree_promotion_rules	type	nvarchar	510	YES	(NULL)	NULL	NULL	NULL	NULL
spree_promotion_rules	created_at	datetime2	8	YES	(NULL)	NULL	NULL	NULL	NULL
spree_promotion_rules	updated_at	datetime2	8	YES	(NULL)	NULL	NULL	NULL	NULL
spree_promotion_rules	code	nvarchar	510	YES	(NULL)	NULL	NULL	NULL	NULL
spree_promotion_rules	preferences	nvarchar	-1	YES	NULL	NULL	NULL	NULL	NULL
spree_promotion_rules_stores	id	bigint	8	NO	NULL	PK_spree_promotion_rules_stores_id	NULL	NULL	NULL
spree_promotion_rules_stores	store_id	bigint	8	NO	NULL	NULL	NULL	NULL	NULL
spree_promotion_rules_stores	promotion_rule_id	bigint	8	NO	NULL	NULL	NULL	NULL	NULL
spree_promotion_rules_stores	created_at	datetime2	6	NO	NULL	NULL	NULL	NULL	NULL
spree_promotion_rules_stores	updated_at	datetime2	6	NO	NULL	NULL	NULL	NULL	NULL
spree_promotion_rules_users	id	int	4	NO	NULL	PK_spree_promotion_rules_users_id	NULL	NULL	NULL
spree_promotion_rules_users	user_id	int	4	YES	(NULL)	NULL	NULL	NULL	NULL
spree_promotion_rules_users	promotion_rule_id	int	4	YES	(NULL)	NULL	NULL	NULL	NULL
spree_promotion_rules_users	created_at	datetime2	8	YES	(NULL)	NULL	NULL	NULL	NULL
spree_promotion_rules_users	updated_at	datetime2	8	YES	(NULL)	NULL	NULL	NULL	NULL
spree_promotions	id	int	4	NO	NULL	PK_spree_promotions_id	NULL	NULL	NULL
spree_promotions	description	nvarchar	510	YES	(NULL)	NULL	NULL	NULL	NULL
spree_promotions	expires_at	datetime2	6	YES	(NULL)	NULL	NULL	NULL	NULL
spree_promotions	starts_at	datetime2	6	YES	(NULL)	NULL	NULL	NULL	NULL
spree_promotions	name	nvarchar	510	YES	(NULL)	NULL	NULL	NULL	NULL
spree_promotions	type	nvarchar	510	YES	(NULL)	NULL	NULL	NULL	NULL
spree_promotions	usage_limit	int	4	YES	(NULL)	NULL	NULL	NULL	NULL
spree_promotions	match_policy	nvarchar	510	YES	(N'all')	NULL	NULL	NULL	NULL
spree_promotions	advertise	smallint	2	YES	((0))	NULL	NULL	NULL	NULL
spree_promotions	path	nvarchar	510	YES	(NULL)	NULL	NULL	NULL	NULL
spree_promotions	created_at	datetime2	8	YES	(NULL)	NULL	NULL	NULL	NULL
spree_promotions	updated_at	datetime2	8	YES	(NULL)	NULL	NULL	NULL	NULL
spree_promotions	promotion_category_id	int	4	YES	(NULL)	NULL	NULL	NULL	NULL
spree_promotions	per_code_usage_limit	int	4	YES	(NULL)	NULL	NULL	NULL	NULL
spree_promotions	apply_automatically	smallint	2	YES	((0))	NULL	NULL	NULL	NULL
spree_properties	id	int	4	NO	NULL	PK_spree_properties_id	NULL	NULL	NULL
spree_properties	name	nvarchar	510	YES	(NULL)	NULL	NULL	NULL	NULL
spree_properties	presentation	nvarchar	510	NO	NULL	NULL	NULL	NULL	NULL
spree_properties	created_at	datetime2	8	YES	(NULL)	NULL	NULL	NULL	NULL
spree_properties	updated_at	datetime2	8	YES	(NULL)	NULL	NULL	NULL	NULL
spree_property_prototypes	id	int	4	NO	NULL	PK_spree_property_prototypes_id	NULL	NULL	NULL
spree_property_prototypes	prototype_id	int	4	YES	(NULL)	NULL	NULL	NULL	NULL
spree_property_prototypes	property_id	int	4	YES	(NULL)	NULL	NULL	NULL	NULL
spree_property_prototypes	created_at	datetime2	8	YES	(NULL)	NULL	NULL	NULL	NULL
spree_property_prototypes	updated_at	datetime2	8	YES	(NULL)	NULL	NULL	NULL	NULL
spree_prototype_taxons	id	int	4	NO	NULL	PK_spree_prototype_taxons_id	NULL	NULL	NULL
spree_prototype_taxons	taxon_id	int	4	YES	(NULL)	NULL	NULL	NULL	NULL
spree_prototype_taxons	prototype_id	int	4	YES	(NULL)	NULL	NULL	NULL	NULL
spree_prototype_taxons	created_at	datetime2	8	YES	(NULL)	NULL	NULL	NULL	NULL
spree_prototype_taxons	updated_at	datetime2	8	YES	(NULL)	NULL	NULL	NULL	NULL
spree_prototypes	id	int	4	NO	NULL	PK_spree_prototypes_id	NULL	NULL	NULL
spree_prototypes	name	nvarchar	510	YES	(NULL)	NULL	NULL	NULL	NULL
spree_prototypes	created_at	datetime2	8	YES	(NULL)	NULL	NULL	NULL	NULL
spree_prototypes	updated_at	datetime2	8	YES	(NULL)	NULL	NULL	NULL	NULL
spree_refund_reasons	id	int	4	NO	NULL	PK_spree_refund_reasons_id	NULL	NULL	NULL
spree_refund_reasons	name	nvarchar	510	YES	(NULL)	NULL	NULL	NULL	NULL
spree_refund_reasons	active	smallint	2	YES	((1))	NULL	NULL	NULL	NULL
spree_refund_reasons	mutable	smallint	2	YES	((1))	NULL	NULL	NULL	NULL
spree_refund_reasons	created_at	datetime2	8	YES	(NULL)	NULL	NULL	NULL	NULL
spree_refund_reasons	updated_at	datetime2	8	YES	(NULL)	NULL	NULL	NULL	NULL
spree_refund_reasons	code	nvarchar	510	YES	(NULL)	NULL	NULL	NULL	NULL
spree_refunds	id	int	4	NO	NULL	PK_spree_refunds_id	NULL	NULL	NULL
spree_refunds	payment_id	int	4	YES	(NULL)	NULL	NULL	NULL	NULL
spree_refunds	amount	decimal	9	NO	((0.00))	NULL	NULL	NULL	NULL
spree_refunds	transaction_id	nvarchar	510	YES	(NULL)	NULL	NULL	NULL	NULL
spree_refunds	created_at	datetime2	8	YES	(NULL)	NULL	NULL	NULL	NULL
spree_refunds	updated_at	datetime2	8	YES	(NULL)	NULL	NULL	NULL	NULL
spree_refunds	refund_reason_id	int	4	YES	(NULL)	NULL	NULL	NULL	NULL
spree_refunds	reimbursement_id	int	4	YES	(NULL)	NULL	NULL	NULL	NULL
spree_reimbursement_credits	id	int	4	NO	NULL	PK_spree_reimbursement_credits_id	NULL	NULL	NULL
spree_reimbursement_credits	amount	decimal	9	NO	((0.00))	NULL	NULL	NULL	NULL
spree_reimbursement_credits	reimbursement_id	int	4	YES	(NULL)	NULL	NULL	NULL	NULL
spree_reimbursement_credits	creditable_id	int	4	YES	(NULL)	NULL	NULL	NULL	NULL
spree_reimbursement_credits	creditable_type	nvarchar	510	YES	(NULL)	NULL	NULL	NULL	NULL
spree_reimbursement_credits	created_at	datetime2	8	YES	(NULL)	NULL	NULL	NULL	NULL
spree_reimbursement_credits	updated_at	datetime2	8	YES	(NULL)	NULL	NULL	NULL	NULL
spree_reimbursement_types	id	int	4	NO	NULL	PK_spree_reimbursement_types_id	NULL	NULL	NULL
spree_reimbursement_types	name	nvarchar	510	YES	(NULL)	NULL	NULL	NULL	NULL
spree_reimbursement_types	active	smallint	2	YES	((1))	NULL	NULL	NULL	NULL
spree_reimbursement_types	mutable	smallint	2	YES	((1))	NULL	NULL	NULL	NULL
spree_reimbursement_types	created_at	datetime2	8	YES	(NULL)	NULL	NULL	NULL	NULL
spree_reimbursement_types	updated_at	datetime2	8	YES	(NULL)	NULL	NULL	NULL	NULL
spree_reimbursement_types	type	nvarchar	510	YES	(NULL)	NULL	NULL	NULL	NULL
spree_reimbursements	id	int	4	NO	NULL	PK_spree_reimbursements_id	NULL	NULL	NULL
spree_reimbursements	number	nvarchar	510	YES	(NULL)	NULL	NULL	NULL	NULL
spree_reimbursements	reimbursement_status	nvarchar	510	YES	(NULL)	NULL	NULL	NULL	NULL
spree_reimbursements	customer_return_id	int	4	YES	(NULL)	NULL	NULL	NULL	NULL
spree_reimbursements	order_id	int	4	YES	(NULL)	NULL	NULL	NULL	NULL
spree_reimbursements	total	decimal	9	YES	(NULL)	NULL	NULL	NULL	NULL
spree_reimbursements	created_at	datetime2	8	YES	(NULL)	NULL	NULL	NULL	NULL
spree_reimbursements	updated_at	datetime2	8	YES	(NULL)	NULL	NULL	NULL	NULL
spree_return_authorizations	id	int	4	NO	NULL	PK_spree_return_authorizations_id	NULL	NULL	NULL
spree_return_authorizations	number	nvarchar	510	YES	(NULL)	NULL	NULL	NULL	NULL
spree_return_authorizations	state	nvarchar	510	YES	(NULL)	NULL	NULL	NULL	NULL
spree_return_authorizations	order_id	int	4	YES	(NULL)	NULL	NULL	NULL	NULL
spree_return_authorizations	memo	nvarchar	-1	YES	NULL	NULL	NULL	NULL	NULL
spree_return_authorizations	created_at	datetime2	8	YES	(NULL)	NULL	NULL	NULL	NULL
spree_return_authorizations	updated_at	datetime2	8	YES	(NULL)	NULL	NULL	NULL	NULL
spree_return_authorizations	stock_location_id	int	4	YES	(NULL)	NULL	NULL	NULL	NULL
spree_return_authorizations	return_reason_id	int	4	YES	(NULL)	NULL	NULL	NULL	NULL
spree_return_items	id	int	4	NO	NULL	PK_spree_return_items_id	NULL	NULL	NULL
spree_return_items	return_authorization_id	int	4	YES	(NULL)	NULL	NULL	NULL	NULL
spree_return_items	inventory_unit_id	int	4	YES	(NULL)	NULL	NULL	NULL	NULL
spree_return_items	exchange_variant_id	int	4	YES	(NULL)	NULL	NULL	NULL	NULL
spree_return_items	created_at	datetime2	8	YES	(NULL)	NULL	NULL	NULL	NULL
spree_return_items	updated_at	datetime2	8	YES	(NULL)	NULL	NULL	NULL	NULL
spree_return_items	amount	decimal	9	NO	((0.0000))	NULL	NULL	NULL	NULL
spree_return_items	included_tax_total	decimal	9	NO	((0.0000))	NULL	NULL	NULL	NULL
spree_return_items	additional_tax_total	decimal	9	NO	((0.0000))	NULL	NULL	NULL	NULL
spree_return_items	reception_status	nvarchar	510	YES	(NULL)	NULL	NULL	NULL	NULL
spree_return_items	acceptance_status	nvarchar	510	YES	(NULL)	NULL	NULL	NULL	NULL
spree_return_items	customer_return_id	int	4	YES	(NULL)	NULL	NULL	NULL	NULL
spree_return_items	reimbursement_id	int	4	YES	(NULL)	NULL	NULL	NULL	NULL
spree_return_items	exchange_inventory_unit_id	int	4	YES	(NULL)	NULL	NULL	NULL	NULL
spree_return_items	acceptance_status_errors	nvarchar	-1	YES	NULL	NULL	NULL	NULL	NULL
spree_return_items	preferred_reimbursement_type_id	int	4	YES	(NULL)	NULL	NULL	NULL	NULL
spree_return_items	override_reimbursement_type_id	int	4	YES	(NULL)	NULL	NULL	NULL	NULL
spree_return_items	resellable	smallint	2	NO	((1))	NULL	NULL	NULL	NULL
spree_return_items	return_reason_id	int	4	YES	(NULL)	NULL	NULL	NULL	NULL
spree_return_reasons	id	int	4	NO	NULL	PK_spree_return_reasons_id	NULL	NULL	NULL
spree_return_reasons	name	nvarchar	510	YES	(NULL)	NULL	NULL	NULL	NULL
spree_return_reasons	active	smallint	2	YES	((1))	NULL	NULL	NULL	NULL
spree_return_reasons	mutable	smallint	2	YES	((1))	NULL	NULL	NULL	NULL
spree_return_reasons	created_at	datetime2	8	YES	(NULL)	NULL	NULL	NULL	NULL
spree_return_reasons	updated_at	datetime2	8	YES	(NULL)	NULL	NULL	NULL	NULL
spree_roles	id	int	4	NO	NULL	PK_spree_roles_id	NULL	NULL	NULL
spree_roles	name	nvarchar	510	YES	(NULL)	NULL	NULL	NULL	NULL
spree_roles	created_at	datetime2	8	YES	(NULL)	NULL	NULL	NULL	NULL
spree_roles	updated_at	datetime2	8	YES	(NULL)	NULL	NULL	NULL	NULL
spree_roles_users	id	int	4	NO	NULL	PK_spree_roles_users_id	NULL	NULL	NULL
spree_roles_users	role_id	int	4	YES	(NULL)	NULL	NULL	NULL	NULL
spree_roles_users	user_id	int	4	YES	(NULL)	NULL	NULL	NULL	NULL
spree_roles_users	created_at	datetime2	8	YES	(NULL)	NULL	NULL	NULL	NULL
spree_roles_users	updated_at	datetime2	8	YES	(NULL)	NULL	NULL	NULL	NULL
spree_shipments	id	int	4	NO	NULL	PK_spree_shipments_id	NULL	NULL	NULL
spree_shipments	tracking	nvarchar	510	YES	(NULL)	NULL	NULL	NULL	NULL
spree_shipments	number	nvarchar	510	YES	(NULL)	NULL	NULL	NULL	NULL
spree_shipments	cost	decimal	9	YES	((0.00))	NULL	NULL	NULL	NULL
spree_shipments	shipped_at	datetime2	6	YES	(NULL)	NULL	NULL	NULL	NULL
spree_shipments	order_id	int	4	YES	(NULL)	NULL	NULL	NULL	NULL
spree_shipments	deprecated_address_id	int	4	YES	(NULL)	NULL	NULL	NULL	NULL
spree_shipments	state	nvarchar	510	YES	(NULL)	NULL	NULL	NULL	NULL
spree_shipments	created_at	datetime2	8	YES	(NULL)	NULL	NULL	NULL	NULL
spree_shipments	updated_at	datetime2	8	YES	(NULL)	NULL	NULL	NULL	NULL
spree_shipments	stock_location_id	int	4	YES	(NULL)	NULL	NULL	NULL	NULL
spree_shipments	adjustment_total	decimal	9	YES	((0.00))	NULL	NULL	NULL	NULL
spree_shipments	additional_tax_total	decimal	9	YES	((0.00))	NULL	NULL	NULL	NULL
spree_shipments	promo_total	decimal	9	YES	((0.00))	NULL	NULL	NULL	NULL
spree_shipments	included_tax_total	decimal	9	NO	((0.00))	NULL	NULL	NULL	NULL
spree_shipping_categories	id	int	4	NO	NULL	PK_spree_shipping_categories_id	NULL	NULL	NULL
spree_shipping_categories	name	nvarchar	510	YES	(NULL)	NULL	NULL	NULL	NULL
spree_shipping_categories	created_at	datetime2	8	YES	(NULL)	NULL	NULL	NULL	NULL
spree_shipping_categories	updated_at	datetime2	8	YES	(NULL)	NULL	NULL	NULL	NULL
spree_shipping_method_categories	id	int	4	NO	NULL	PK_spree_shipping_method_categories_id	NULL	NULL	NULL
spree_shipping_method_categories	shipping_method_id	int	4	NO	NULL	NULL	NULL	NULL	NULL
spree_shipping_method_categories	shipping_category_id	int	4	NO	NULL	NULL	NULL	NULL	NULL
spree_shipping_method_categories	created_at	datetime2	8	YES	(NULL)	NULL	NULL	NULL	NULL
spree_shipping_method_categories	updated_at	datetime2	8	YES	(NULL)	NULL	NULL	NULL	NULL
spree_shipping_method_stock_locations	id	int	4	NO	NULL	PK_spree_shipping_method_stock_locations_id	NULL	NULL	NULL
spree_shipping_method_stock_locations	shipping_method_id	int	4	YES	(NULL)	NULL	NULL	NULL	NULL
spree_shipping_method_stock_locations	stock_location_id	int	4	YES	(NULL)	NULL	NULL	NULL	NULL
spree_shipping_method_stock_locations	created_at	datetime2	8	YES	(NULL)	NULL	NULL	NULL	NULL
spree_shipping_method_stock_locations	updated_at	datetime2	8	YES	(NULL)	NULL	NULL	NULL	NULL
spree_shipping_method_zones	id	int	4	NO	NULL	PK_spree_shipping_method_zones_id	NULL	NULL	NULL
spree_shipping_method_zones	shipping_method_id	int	4	YES	(NULL)	NULL	NULL	NULL	NULL
spree_shipping_method_zones	zone_id	int	4	YES	(NULL)	NULL	NULL	NULL	NULL
spree_shipping_method_zones	created_at	datetime2	8	YES	(NULL)	NULL	NULL	NULL	NULL
spree_shipping_method_zones	updated_at	datetime2	8	YES	(NULL)	NULL	NULL	NULL	NULL
spree_shipping_methods	id	int	4	NO	NULL	PK_spree_shipping_methods_id	NULL	NULL	NULL
spree_shipping_methods	name	nvarchar	510	YES	(NULL)	NULL	NULL	NULL	NULL
spree_shipping_methods	deleted_at	datetime2	6	YES	(NULL)	NULL	NULL	NULL	NULL
spree_shipping_methods	created_at	datetime2	8	YES	(NULL)	NULL	NULL	NULL	NULL
spree_shipping_methods	updated_at	datetime2	8	YES	(NULL)	NULL	NULL	NULL	NULL
spree_shipping_methods	tracking_url	nvarchar	510	YES	(NULL)	NULL	NULL	NULL	NULL
spree_shipping_methods	admin_name	nvarchar	510	YES	(NULL)	NULL	NULL	NULL	NULL
spree_shipping_methods	tax_category_id	int	4	YES	(NULL)	NULL	NULL	NULL	NULL
spree_shipping_methods	code	nvarchar	510	YES	(NULL)	NULL	NULL	NULL	NULL
spree_shipping_methods	available_to_all	smallint	2	YES	((1))	NULL	NULL	NULL	NULL
spree_shipping_methods	carrier	nvarchar	510	YES	(NULL)	NULL	NULL	NULL	NULL
spree_shipping_methods	service_level	nvarchar	510	YES	(NULL)	NULL	NULL	NULL	NULL
spree_shipping_methods	available_to_users	smallint	2	YES	((1))	NULL	NULL	NULL	NULL
spree_shipping_rate_taxes	id	int	4	NO	NULL	PK_spree_shipping_rate_taxes_id	NULL	NULL	NULL
spree_shipping_rate_taxes	amount	decimal	5	NO	((0.00))	NULL	NULL	NULL	NULL
spree_shipping_rate_taxes	tax_rate_id	int	4	YES	(NULL)	NULL	NULL	NULL	NULL
spree_shipping_rate_taxes	shipping_rate_id	int	4	YES	(NULL)	NULL	NULL	NULL	NULL
spree_shipping_rate_taxes	created_at	datetime2	8	NO	NULL	NULL	NULL	NULL	NULL
spree_shipping_rate_taxes	updated_at	datetime2	8	NO	NULL	NULL	NULL	NULL	NULL
spree_shipping_rates	id	int	4	NO	NULL	PK_spree_shipping_rates_id	NULL	NULL	NULL
spree_shipping_rates	shipment_id	int	4	YES	(NULL)	NULL	NULL	NULL	NULL
spree_shipping_rates	shipping_method_id	int	4	YES	(NULL)	NULL	NULL	NULL	NULL
spree_shipping_rates	selected	smallint	2	YES	((0))	NULL	NULL	NULL	NULL
spree_shipping_rates	cost	decimal	5	YES	((0.00))	NULL	NULL	NULL	NULL
spree_shipping_rates	created_at	datetime2	8	YES	(NULL)	NULL	NULL	NULL	NULL
spree_shipping_rates	updated_at	datetime2	8	YES	(NULL)	NULL	NULL	NULL	NULL
spree_shipping_rates	tax_rate_id	int	4	YES	(NULL)	NULL	NULL	NULL	NULL
spree_state_changes	id	int	4	NO	NULL	PK_spree_state_changes_id	NULL	NULL	NULL
spree_state_changes	name	nvarchar	510	YES	(NULL)	NULL	NULL	NULL	NULL
spree_state_changes	previous_state	nvarchar	510	YES	(NULL)	NULL	NULL	NULL	NULL
spree_state_changes	stateful_id	int	4	YES	(NULL)	NULL	NULL	NULL	NULL
spree_state_changes	user_id	int	4	YES	(NULL)	NULL	NULL	NULL	NULL
spree_state_changes	stateful_type	nvarchar	510	YES	(NULL)	NULL	NULL	NULL	NULL
spree_state_changes	next_state	nvarchar	510	YES	(NULL)	NULL	NULL	NULL	NULL
spree_state_changes	created_at	datetime2	8	YES	(NULL)	NULL	NULL	NULL	NULL
spree_state_changes	updated_at	datetime2	8	YES	(NULL)	NULL	NULL	NULL	NULL
spree_states	id	int	4	NO	NULL	PK_spree_states_id	NULL	NULL	NULL
spree_states	name	nvarchar	510	YES	(NULL)	NULL	NULL	NULL	NULL
spree_states	abbr	nvarchar	510	YES	(NULL)	NULL	NULL	NULL	NULL
spree_states	country_id	int	4	YES	(NULL)	NULL	NULL	NULL	NULL
spree_states	updated_at	datetime2	8	YES	(NULL)	NULL	NULL	NULL	NULL
spree_states	created_at	datetime2	8	YES	(NULL)	NULL	NULL	NULL	NULL
spree_stock_items	id	int	4	NO	NULL	PK_spree_stock_items_id	NULL	NULL	NULL
spree_stock_items	stock_location_id	int	4	YES	(NULL)	NULL	NULL	NULL	NULL
spree_stock_items	variant_id	int	4	YES	(NULL)	NULL	NULL	NULL	NULL
spree_stock_items	count_on_hand	int	4	NO	((0))	NULL	NULL	NULL	NULL
spree_stock_items	created_at	datetime2	8	YES	(NULL)	NULL	NULL	NULL	NULL
spree_stock_items	updated_at	datetime2	8	YES	(NULL)	NULL	NULL	NULL	NULL
spree_stock_items	backorderable	smallint	2	YES	((0))	NULL	NULL	NULL	NULL
spree_stock_items	deleted_at	datetime2	6	YES	(NULL)	NULL	NULL	NULL	NULL
spree_stock_locations	id	int	4	NO	NULL	PK_spree_stock_locations_id	NULL	NULL	NULL
spree_stock_locations	name	nvarchar	510	YES	(NULL)	NULL	NULL	NULL	NULL
spree_stock_locations	created_at	datetime2	8	YES	(NULL)	NULL	NULL	NULL	NULL
spree_stock_locations	updated_at	datetime2	8	YES	(NULL)	NULL	NULL	NULL	NULL
spree_stock_locations	default	smallint	2	NO	((0))	NULL	NULL	NULL	NULL
spree_stock_locations	address1	nvarchar	510	YES	(NULL)	NULL	NULL	NULL	NULL
spree_stock_locations	address2	nvarchar	510	YES	(NULL)	NULL	NULL	NULL	NULL
spree_stock_locations	city	nvarchar	510	YES	(NULL)	NULL	NULL	NULL	NULL
spree_stock_locations	state_id	int	4	YES	(NULL)	NULL	NULL	NULL	NULL
spree_stock_locations	state_name	nvarchar	510	YES	(NULL)	NULL	NULL	NULL	NULL
spree_stock_locations	country_id	int	4	YES	(NULL)	NULL	NULL	NULL	NULL
spree_stock_locations	zipcode	nvarchar	510	YES	(NULL)	NULL	NULL	NULL	NULL
spree_stock_locations	phone	nvarchar	510	YES	(NULL)	NULL	NULL	NULL	NULL
spree_stock_locations	active	smallint	2	YES	((1))	NULL	NULL	NULL	NULL
spree_stock_locations	backorderable_default	smallint	2	YES	((0))	NULL	NULL	NULL	NULL
spree_stock_locations	propagate_all_variants	smallint	2	YES	((1))	NULL	NULL	NULL	NULL
spree_stock_locations	admin_name	nvarchar	510	YES	(NULL)	NULL	NULL	NULL	NULL
spree_stock_locations	position	int	4	YES	((0))	NULL	NULL	NULL	NULL
spree_stock_locations	restock_inventory	smallint	2	NO	((1))	NULL	NULL	NULL	NULL
spree_stock_locations	fulfillable	smallint	2	NO	((1))	NULL	NULL	NULL	NULL
spree_stock_locations	code	nvarchar	510	YES	(NULL)	NULL	NULL	NULL	NULL
spree_stock_locations	check_stock_on_transfer	smallint	2	YES	((1))	NULL	NULL	NULL	NULL
spree_stock_movements	id	int	4	NO	NULL	PK_spree_stock_movements_id	NULL	NULL	NULL
spree_stock_movements	stock_item_id	int	4	YES	(NULL)	NULL	NULL	NULL	NULL
spree_stock_movements	quantity	int	4	YES	((0))	NULL	NULL	NULL	NULL
spree_stock_movements	action	nvarchar	510	YES	(NULL)	NULL	NULL	NULL	NULL
spree_stock_movements	created_at	datetime2	8	NO	NULL	NULL	NULL	NULL	NULL
spree_stock_movements	updated_at	datetime2	8	NO	NULL	NULL	NULL	NULL	NULL
spree_stock_movements	originator_type	nvarchar	510	YES	(NULL)	NULL	NULL	NULL	NULL
spree_stock_movements	originator_id	int	4	YES	(NULL)	NULL	NULL	NULL	NULL
spree_store_credit_categories	id	int	4	NO	NULL	PK_spree_store_credit_categories_id	NULL	NULL	NULL
spree_store_credit_categories	name	nvarchar	510	YES	(NULL)	NULL	NULL	NULL	NULL
spree_store_credit_categories	created_at	datetime2	8	YES	(NULL)	NULL	NULL	NULL	NULL
spree_store_credit_categories	updated_at	datetime2	8	YES	(NULL)	NULL	NULL	NULL	NULL
spree_store_credit_events	id	int	4	NO	NULL	PK_spree_store_credit_events_id	NULL	NULL	NULL
spree_store_credit_events	store_credit_id	int	4	NO	NULL	NULL	NULL	NULL	NULL
spree_store_credit_events	action	nvarchar	510	NO	NULL	NULL	NULL	NULL	NULL
spree_store_credit_events	amount	decimal	5	YES	(NULL)	NULL	NULL	NULL	NULL
spree_store_credit_events	user_total_amount	decimal	5	NO	((0.00))	NULL	NULL	NULL	NULL
spree_store_credit_events	authorization_code	nvarchar	510	NO	NULL	NULL	NULL	NULL	NULL
spree_store_credit_events	deleted_at	datetime2	6	YES	(NULL)	NULL	NULL	NULL	NULL
spree_store_credit_events	originator_type	nvarchar	510	YES	(NULL)	NULL	NULL	NULL	NULL
spree_store_credit_events	originator_id	int	4	YES	(NULL)	NULL	NULL	NULL	NULL
spree_store_credit_events	created_at	datetime2	8	YES	(NULL)	NULL	NULL	NULL	NULL
spree_store_credit_events	updated_at	datetime2	8	YES	(NULL)	NULL	NULL	NULL	NULL
spree_store_credit_events	amount_remaining	decimal	5	YES	(NULL)	NULL	NULL	NULL	NULL
spree_store_credit_events	store_credit_reason_id	int	4	YES	(NULL)	NULL	NULL	NULL	NULL
spree_store_credit_reasons	id	bigint	8	NO	NULL	PK_spree_store_credit_reasons_id	NULL	NULL	NULL
spree_store_credit_reasons	name	nvarchar	510	YES	(NULL)	NULL	NULL	NULL	NULL
spree_store_credit_reasons	active	smallint	2	YES	((1))	NULL	NULL	NULL	NULL
spree_store_credit_reasons	created_at	datetime2	6	NO	NULL	NULL	NULL	NULL	NULL
spree_store_credit_reasons	updated_at	datetime2	6	NO	NULL	NULL	NULL	NULL	NULL
spree_store_credit_types	id	int	4	NO	NULL	PK_spree_store_credit_types_id	NULL	NULL	NULL
spree_store_credit_types	name	nvarchar	510	YES	(NULL)	NULL	NULL	NULL	NULL
spree_store_credit_types	priority	int	4	YES	(NULL)	NULL	NULL	NULL	NULL
spree_store_credit_types	created_at	datetime2	8	YES	(NULL)	NULL	NULL	NULL	NULL
spree_store_credit_types	updated_at	datetime2	8	YES	(NULL)	NULL	NULL	NULL	NULL
spree_store_credits	id	int	4	NO	NULL	PK_spree_store_credits_id	NULL	NULL	NULL
spree_store_credits	user_id	int	4	YES	(NULL)	NULL	NULL	NULL	NULL
spree_store_credits	category_id	int	4	YES	(NULL)	NULL	NULL	NULL	NULL
spree_store_credits	created_by_id	int	4	YES	(NULL)	NULL	NULL	NULL	NULL
spree_store_credits	amount	decimal	5	NO	((0.00))	NULL	NULL	NULL	NULL
spree_store_credits	amount_used	decimal	5	NO	((0.00))	NULL	NULL	NULL	NULL
spree_store_credits	amount_authorized	decimal	5	NO	((0.00))	NULL	NULL	NULL	NULL
spree_store_credits	currency	nvarchar	510	YES	(NULL)	NULL	NULL	NULL	NULL
spree_store_credits	memo	nvarchar	-1	YES	NULL	NULL	NULL	NULL	NULL
spree_store_credits	deleted_at	datetime2	6	YES	(NULL)	NULL	NULL	NULL	NULL
spree_store_credits	created_at	datetime2	8	YES	(NULL)	NULL	NULL	NULL	NULL
spree_store_credits	updated_at	datetime2	8	YES	(NULL)	NULL	NULL	NULL	NULL
spree_store_credits	type_id	int	4	YES	(NULL)	NULL	NULL	NULL	NULL
spree_store_credits	invalidated_at	datetime2	6	YES	(NULL)	NULL	NULL	NULL	NULL
spree_store_payment_methods	id	int	4	NO	NULL	PK_spree_store_payment_methods_id	NULL	NULL	NULL
spree_store_payment_methods	store_id	int	4	NO	NULL	NULL	NULL	NULL	NULL
spree_store_payment_methods	payment_method_id	int	4	NO	NULL	NULL	NULL	NULL	NULL
spree_store_payment_methods	created_at	datetime2	8	NO	NULL	NULL	NULL	NULL	NULL
spree_store_payment_methods	updated_at	datetime2	8	NO	NULL	NULL	NULL	NULL	NULL
spree_store_shipping_methods	id	bigint	8	NO	NULL	PK_spree_store_shipping_methods_id	NULL	NULL	NULL
spree_store_shipping_methods	store_id	bigint	8	NO	NULL	NULL	NULL	NULL	NULL
spree_store_shipping_methods	shipping_method_id	bigint	8	NO	NULL	NULL	NULL	NULL	NULL
spree_store_shipping_methods	created_at	datetime2	8	NO	NULL	NULL	NULL	NULL	NULL
spree_store_shipping_methods	updated_at	datetime2	8	NO	NULL	NULL	NULL	NULL	NULL
spree_stores	id	int	4	NO	NULL	PK_spree_stores_id	NULL	NULL	NULL
spree_stores	name	nvarchar	510	YES	(NULL)	NULL	NULL	NULL	NULL
spree_stores	url	nvarchar	510	YES	(NULL)	NULL	NULL	NULL	NULL
spree_stores	meta_description	nvarchar	-1	YES	NULL	NULL	NULL	NULL	NULL
spree_stores	meta_keywords	nvarchar	-1	YES	NULL	NULL	NULL	NULL	NULL
spree_stores	seo_title	nvarchar	510	YES	(NULL)	NULL	NULL	NULL	NULL
spree_stores	mail_from_address	nvarchar	510	YES	(NULL)	NULL	NULL	NULL	NULL
spree_stores	default_currency	nvarchar	510	YES	(NULL)	NULL	NULL	NULL	NULL
spree_stores	code	nvarchar	510	YES	(NULL)	NULL	NULL	NULL	NULL
spree_stores	default	smallint	2	NO	((0))	NULL	NULL	NULL	NULL
spree_stores	created_at	datetime2	8	YES	(NULL)	NULL	NULL	NULL	NULL
spree_stores	updated_at	datetime2	8	YES	(NULL)	NULL	NULL	NULL	NULL
spree_stores	cart_tax_country_iso	nvarchar	510	YES	(NULL)	NULL	NULL	NULL	NULL
spree_stores	available_locales	nvarchar	510	YES	(NULL)	NULL	NULL	NULL	NULL
spree_tax_categories	id	int	4	NO	NULL	PK_spree_tax_categories_id	NULL	NULL	NULL
spree_tax_categories	name	nvarchar	510	YES	(NULL)	NULL	NULL	NULL	NULL
spree_tax_categories	description	nvarchar	510	YES	(NULL)	NULL	NULL	NULL	NULL
spree_tax_categories	is_default	smallint	2	YES	((0))	NULL	NULL	NULL	NULL
spree_tax_categories	deleted_at	datetime2	6	YES	(NULL)	NULL	NULL	NULL	NULL
spree_tax_categories	created_at	datetime2	8	YES	(NULL)	NULL	NULL	NULL	NULL
spree_tax_categories	updated_at	datetime2	8	YES	(NULL)	NULL	NULL	NULL	NULL
spree_tax_categories	tax_code	nvarchar	510	YES	(NULL)	NULL	NULL	NULL	NULL
spree_tax_rate_tax_categories	id	int	4	NO	NULL	PK_spree_tax_rate_tax_categories_id	NULL	NULL	NULL
spree_tax_rate_tax_categories	tax_category_id	int	4	NO	NULL	NULL	spree_tax_rate_tax_categories$fk_rails_499313ce8e	spree_tax_categories	id
spree_tax_rate_tax_categories	tax_rate_id	int	4	NO	NULL	NULL	spree_tax_rate_tax_categories$fk_rails_3e6fe87e12	spree_tax_rates	id
spree_tax_rates	id	int	4	NO	NULL	PK_spree_tax_rates_id	NULL	NULL	NULL
spree_tax_rates	amount	decimal	5	YES	(NULL)	NULL	NULL	NULL	NULL
spree_tax_rates	zone_id	int	4	YES	(NULL)	NULL	NULL	NULL	NULL
spree_tax_rates	included_in_price	smallint	2	YES	((0))	NULL	NULL	NULL	NULL
spree_tax_rates	created_at	datetime2	8	YES	(NULL)	NULL	NULL	NULL	NULL
spree_tax_rates	updated_at	datetime2	8	YES	(NULL)	NULL	NULL	NULL	NULL
spree_tax_rates	name	nvarchar	510	YES	(NULL)	NULL	NULL	NULL	NULL
spree_tax_rates	show_rate_in_label	smallint	2	YES	((1))	NULL	NULL	NULL	NULL
spree_tax_rates	deleted_at	datetime2	6	YES	(NULL)	NULL	NULL	NULL	NULL
spree_tax_rates	starts_at	datetime2	6	YES	(NULL)	NULL	NULL	NULL	NULL
spree_tax_rates	expires_at	datetime2	6	YES	(NULL)	NULL	NULL	NULL	NULL
spree_taxonomies	id	int	4	NO	NULL	PK_spree_taxonomies_id	NULL	NULL	NULL
spree_taxonomies	name	nvarchar	510	NO	NULL	NULL	NULL	NULL	NULL
spree_taxonomies	created_at	datetime2	8	YES	(NULL)	NULL	NULL	NULL	NULL
spree_taxonomies	updated_at	datetime2	8	YES	(NULL)	NULL	NULL	NULL	NULL
spree_taxonomies	position	int	4	YES	((0))	NULL	NULL	NULL	NULL
spree_taxons	id	int	4	NO	NULL	PK_spree_taxons_id	NULL	NULL	NULL
spree_taxons	parent_id	int	4	YES	(NULL)	NULL	NULL	NULL	NULL
spree_taxons	position	int	4	YES	((0))	NULL	NULL	NULL	NULL
spree_taxons	name	nvarchar	510	NO	NULL	NULL	NULL	NULL	NULL
spree_taxons	permalink	nvarchar	510	YES	(NULL)	NULL	NULL	NULL	NULL
spree_taxons	taxonomy_id	int	4	YES	(NULL)	NULL	NULL	NULL	NULL
spree_taxons	lft	int	4	YES	(NULL)	NULL	NULL	NULL	NULL
spree_taxons	rgt	int	4	YES	(NULL)	NULL	NULL	NULL	NULL
spree_taxons	icon_file_name	nvarchar	510	YES	(NULL)	NULL	NULL	NULL	NULL
spree_taxons	icon_content_type	nvarchar	510	YES	(NULL)	NULL	NULL	NULL	NULL
spree_taxons	icon_file_size	int	4	YES	(NULL)	NULL	NULL	NULL	NULL
spree_taxons	icon_updated_at	datetime2	6	YES	(NULL)	NULL	NULL	NULL	NULL
spree_taxons	description	nvarchar	-1	YES	NULL	NULL	NULL	NULL	NULL
spree_taxons	created_at	datetime2	8	YES	(NULL)	NULL	NULL	NULL	NULL
spree_taxons	updated_at	datetime2	8	YES	(NULL)	NULL	NULL	NULL	NULL
spree_taxons	meta_title	nvarchar	510	YES	(NULL)	NULL	NULL	NULL	NULL
spree_taxons	meta_description	nvarchar	510	YES	(NULL)	NULL	NULL	NULL	NULL
spree_taxons	meta_keywords	nvarchar	510	YES	(NULL)	NULL	NULL	NULL	NULL
spree_taxons	depth	int	4	YES	(NULL)	NULL	NULL	NULL	NULL
spree_unit_cancels	id	int	4	NO	NULL	PK_spree_unit_cancels_id	NULL	NULL	NULL
spree_unit_cancels	inventory_unit_id	int	4	NO	NULL	NULL	NULL	NULL	NULL
spree_unit_cancels	reason	nvarchar	510	YES	(NULL)	NULL	NULL	NULL	NULL
spree_unit_cancels	created_by	nvarchar	510	YES	(NULL)	NULL	NULL	NULL	NULL
spree_unit_cancels	created_at	datetime2	8	YES	(NULL)	NULL	NULL	NULL	NULL
spree_unit_cancels	updated_at	datetime2	8	YES	(NULL)	NULL	NULL	NULL	NULL
spree_user_addresses	id	int	4	NO	NULL	PK_spree_user_addresses_id	NULL	NULL	NULL
spree_user_addresses	user_id	int	4	NO	NULL	NULL	NULL	NULL	NULL
spree_user_addresses	address_id	int	4	NO	NULL	NULL	NULL	NULL	NULL
spree_user_addresses	default	smallint	2	YES	((0))	NULL	NULL	NULL	NULL
spree_user_addresses	archived	smallint	2	YES	((0))	NULL	NULL	NULL	NULL
spree_user_addresses	created_at	datetime2	8	NO	NULL	NULL	NULL	NULL	NULL
spree_user_addresses	updated_at	datetime2	8	NO	NULL	NULL	NULL	NULL	NULL
spree_user_stock_locations	id	int	4	NO	NULL	PK_spree_user_stock_locations_id	NULL	NULL	NULL
spree_user_stock_locations	user_id	int	4	YES	(NULL)	NULL	NULL	NULL	NULL
spree_user_stock_locations	stock_location_id	int	4	YES	(NULL)	NULL	NULL	NULL	NULL
spree_user_stock_locations	created_at	datetime2	8	YES	(NULL)	NULL	NULL	NULL	NULL
spree_user_stock_locations	updated_at	datetime2	8	YES	(NULL)	NULL	NULL	NULL	NULL
spree_users	id	int	4	NO	NULL	PK_spree_users_id	NULL	NULL	NULL
spree_users	crypted_password	nvarchar	256	YES	(NULL)	NULL	NULL	NULL	NULL
spree_users	salt	nvarchar	256	YES	(NULL)	NULL	NULL	NULL	NULL
spree_users	email	nvarchar	510	YES	(NULL)	NULL	NULL	NULL	NULL
spree_users	remember_token	nvarchar	510	YES	(NULL)	NULL	NULL	NULL	NULL
spree_users	remember_token_expires_at	nvarchar	510	YES	(NULL)	NULL	NULL	NULL	NULL
spree_users	persistence_token	nvarchar	510	YES	(NULL)	NULL	NULL	NULL	NULL
spree_users	single_access_token	nvarchar	510	YES	(NULL)	NULL	NULL	NULL	NULL
spree_users	perishable_token	nvarchar	510	YES	(NULL)	NULL	NULL	NULL	NULL
spree_users	login_count	int	4	NO	((0))	NULL	NULL	NULL	NULL
spree_users	failed_login_count	int	4	NO	((0))	NULL	NULL	NULL	NULL
spree_users	last_request_at	datetime2	6	YES	(NULL)	NULL	NULL	NULL	NULL
spree_users	current_login_at	datetime2	6	YES	(NULL)	NULL	NULL	NULL	NULL
spree_users	last_login_at	datetime2	6	YES	(NULL)	NULL	NULL	NULL	NULL
spree_users	current_login_ip	nvarchar	510	YES	(NULL)	NULL	NULL	NULL	NULL
spree_users	last_login_ip	nvarchar	510	YES	(NULL)	NULL	NULL	NULL	NULL
spree_users	login	nvarchar	510	YES	(NULL)	NULL	NULL	NULL	NULL
spree_users	ship_address_id	int	4	YES	(NULL)	NULL	NULL	NULL	NULL
spree_users	bill_address_id	int	4	YES	(NULL)	NULL	NULL	NULL	NULL
spree_users	created_at	datetime2	8	NO	NULL	NULL	NULL	NULL	NULL
spree_users	updated_at	datetime2	8	NO	NULL	NULL	NULL	NULL	NULL
spree_users	openid_identifier	nvarchar	510	YES	(NULL)	NULL	NULL	NULL	NULL
spree_variant_property_rule_conditions	id	int	4	NO	NULL	PK_spree_variant_property_rule_conditions_id	NULL	NULL	NULL
spree_variant_property_rule_conditions	option_value_id	int	4	YES	(NULL)	NULL	NULL	NULL	NULL
spree_variant_property_rule_conditions	variant_property_rule_id	int	4	YES	(NULL)	NULL	NULL	NULL	NULL
spree_variant_property_rule_conditions	created_at	datetime2	8	NO	NULL	NULL	NULL	NULL	NULL
spree_variant_property_rule_conditions	updated_at	datetime2	8	NO	NULL	NULL	NULL	NULL	NULL
spree_variant_property_rule_values	id	int	4	NO	NULL	PK_spree_variant_property_rule_values_id	NULL	NULL	NULL
spree_variant_property_rule_values	value	nvarchar	-1	YES	NULL	NULL	NULL	NULL	NULL
spree_variant_property_rule_values	position	int	4	YES	((0))	NULL	NULL	NULL	NULL
spree_variant_property_rule_values	property_id	int	4	YES	(NULL)	NULL	NULL	NULL	NULL
spree_variant_property_rule_values	variant_property_rule_id	int	4	YES	(NULL)	NULL	NULL	NULL	NULL
spree_variant_property_rule_values	created_at	datetime2	8	YES	(NULL)	NULL	NULL	NULL	NULL
spree_variant_property_rule_values	updated_at	datetime2	8	YES	(NULL)	NULL	NULL	NULL	NULL
spree_variant_property_rules	id	int	4	NO	NULL	PK_spree_variant_property_rules_id	NULL	NULL	NULL
spree_variant_property_rules	product_id	int	4	YES	(NULL)	NULL	NULL	NULL	NULL
spree_variant_property_rules	created_at	datetime2	8	NO	NULL	NULL	NULL	NULL	NULL
spree_variant_property_rules	updated_at	datetime2	8	NO	NULL	NULL	NULL	NULL	NULL
spree_variants	id	int	4	NO	NULL	PK_spree_variants_id	NULL	NULL	NULL
spree_variants	sku	nvarchar	510	NO	(N'')	NULL	NULL	NULL	NULL
spree_variants	weight	decimal	5	YES	((0.00))	NULL	NULL	NULL	NULL
spree_variants	height	decimal	5	YES	(NULL)	NULL	NULL	NULL	NULL
spree_variants	width	decimal	5	YES	(NULL)	NULL	NULL	NULL	NULL
spree_variants	depth	decimal	5	YES	(NULL)	NULL	NULL	NULL	NULL
spree_variants	deleted_at	datetime2	6	YES	(NULL)	NULL	NULL	NULL	NULL
spree_variants	is_master	smallint	2	YES	((0))	NULL	NULL	NULL	NULL
spree_variants	product_id	int	4	YES	(NULL)	NULL	NULL	NULL	NULL
spree_variants	cost_price	decimal	9	YES	(NULL)	NULL	NULL	NULL	NULL
spree_variants	position	int	4	YES	(NULL)	NULL	NULL	NULL	NULL
spree_variants	cost_currency	nvarchar	510	YES	(NULL)	NULL	NULL	NULL	NULL
spree_variants	track_inventory	smallint	2	YES	((1))	NULL	NULL	NULL	NULL
spree_variants	tax_category_id	int	4	YES	(NULL)	NULL	NULL	NULL	NULL
spree_variants	updated_at	datetime2	8	YES	(NULL)	NULL	NULL	NULL	NULL
spree_variants	created_at	datetime2	8	YES	(NULL)	NULL	NULL	NULL	NULL
spree_wallet_payment_sources	id	int	4	NO	NULL	PK_spree_wallet_payment_sources_id	NULL	NULL	NULL
spree_wallet_payment_sources	user_id	int	4	NO	NULL	NULL	spree_wallet_payment_sources$fk_rails_5dd6e027c5	spree_users	id
spree_wallet_payment_sources	payment_source_type	nvarchar	510	NO	NULL	NULL	NULL	NULL	NULL
spree_wallet_payment_sources	payment_source_id	int	4	NO	NULL	NULL	NULL	NULL	NULL
spree_wallet_payment_sources	default	smallint	2	NO	((0))	NULL	NULL	NULL	NULL
spree_wallet_payment_sources	created_at	datetime2	8	NO	NULL	NULL	NULL	NULL	NULL
spree_wallet_payment_sources	updated_at	datetime2	8	NO	NULL	NULL	NULL	NULL	NULL
spree_zone_members	id	int	4	NO	NULL	PK_spree_zone_members_id	NULL	NULL	NULL
spree_zone_members	zoneable_type	nvarchar	510	YES	(NULL)	NULL	NULL	NULL	NULL
spree_zone_members	zoneable_id	int	4	YES	(NULL)	NULL	NULL	NULL	NULL
spree_zone_members	zone_id	int	4	YES	(NULL)	NULL	NULL	NULL	NULL
spree_zone_members	created_at	datetime2	8	YES	(NULL)	NULL	NULL	NULL	NULL
spree_zone_members	updated_at	datetime2	8	YES	(NULL)	NULL	NULL	NULL	NULL
spree_zones	id	int	4	NO	NULL	PK_spree_zones_id	NULL	NULL	NULL
spree_zones	name	nvarchar	510	YES	(NULL)	NULL	NULL	NULL	NULL
spree_zones	description	nvarchar	510	YES	(NULL)	NULL	NULL	NULL	NULL
spree_zones	zone_members_count	int	4	YES	((0))	NULL	NULL	NULL	NULL
spree_zones	created_at	datetime2	8	YES	(NULL)	NULL	NULL	NULL	NULL
spree_zones	updated_at	datetime2	8	YES	(NULL)	NULL	NULL	NULL	NULL
