TABLE_NAME	COLUMN_NAME	DATA_TYPE	MAX_LENGTH	IS_NULLABLE	DEFAULT_VALUE	PRIMARY_KEY	FOREIGN_KEY	REFERENCED_TABLE	REFERENCED_COLUMN	UNIQUE_KEY
ar_internal_metadata	key	nvarchar	510	NO	NULL	PK_ar_internal_metadata_key	NULL	NULL	NULL	NULL
ar_internal_metadata	value	nvarchar	510	YES	(NULL)	NULL	NULL	NULL	NULL	NULL
ar_internal_metadata	created_at	datetime2	6	NO	NULL	NULL	NULL	NULL	NULL	NULL
ar_internal_metadata	updated_at	datetime2	6	NO	NULL	NULL	NULL	NULL	NULL	NULL
attachments	id	int	4	NO	NULL	PK_attachments_id	NULL	NULL	NULL	NULL
attachments	container_id	int	4	YES	(NULL)	NULL	NULL	NULL	NULL	NULL
attachments	container_type	nvarchar	60	YES	(NULL)	NULL	NULL	NULL	NULL	NULL
attachments	filename	nvarchar	510	NO	(N'')	NULL	NULL	NULL	NULL	NULL
attachments	disk_filename	nvarchar	510	NO	(N'')	NULL	NULL	NULL	NULL	NULL
attachments	filesize	bigint	8	NO	((0))	NULL	NULL	NULL	NULL	NULL
attachments	content_type	nvarchar	510	YES	(N'')	NULL	NULL	NULL	NULL	NULL
attachments	digest	nvarchar	128	NO	(N'')	NULL	NULL	NULL	NULL	NULL
attachments	downloads	int	4	NO	((0))	NULL	NULL	NULL	NULL	NULL
attachments	author_id	int	4	NO	((0))	NULL	NULL	NULL	NULL	NULL
attachments	created_on	datetime	8	YES	(NULL)	NULL	NULL	NULL	NULL	NULL
attachments	description	nvarchar	510	YES	(NULL)	NULL	NULL	NULL	NULL	NULL
attachments	disk_directory	nvarchar	510	YES	(NULL)	NULL	NULL	NULL	NULL	NULL
auth_sources	id	int	4	NO	NULL	PK_auth_sources_id	NULL	NULL	NULL	NULL
auth_sources	type	nvarchar	60	NO	(N'')	NULL	NULL	NULL	NULL	NULL
auth_sources	name	nvarchar	120	NO	(N'')	NULL	NULL	NULL	NULL	NULL
auth_sources	host	nvarchar	120	YES	(NULL)	NULL	NULL	NULL	NULL	NULL
auth_sources	port	int	4	YES	(NULL)	NULL	NULL	NULL	NULL	NULL
auth_sources	account	nvarchar	510	YES	(NULL)	NULL	NULL	NULL	NULL	NULL
auth_sources	account_password	nvarchar	510	YES	(N'')	NULL	NULL	NULL	NULL	NULL
auth_sources	base_dn	nvarchar	510	YES	(NULL)	NULL	NULL	NULL	NULL	NULL
auth_sources	attr_login	nvarchar	60	YES	(NULL)	NULL	NULL	NULL	NULL	NULL
auth_sources	attr_firstname	nvarchar	60	YES	(NULL)	NULL	NULL	NULL	NULL	NULL
auth_sources	attr_lastname	nvarchar	60	YES	(NULL)	NULL	NULL	NULL	NULL	NULL
auth_sources	attr_mail	nvarchar	60	YES	(NULL)	NULL	NULL	NULL	NULL	NULL
auth_sources	onthefly_register	smallint	2	NO	((0))	NULL	NULL	NULL	NULL	NULL
auth_sources	tls	smallint	2	NO	((0))	NULL	NULL	NULL	NULL	NULL
auth_sources	filter	nvarchar	-1	YES	NULL	NULL	NULL	NULL	NULL	NULL
auth_sources	timeout	int	4	YES	(NULL)	NULL	NULL	NULL	NULL	NULL
auth_sources	verify_peer	smallint	2	NO	((1))	NULL	NULL	NULL	NULL	NULL
boards	id	int	4	NO	NULL	PK_boards_id	NULL	NULL	NULL	NULL
boards	project_id	int	4	NO	NULL	NULL	NULL	NULL	NULL	NULL
boards	name	nvarchar	510	NO	(N'')	NULL	NULL	NULL	NULL	NULL
boards	description	nvarchar	510	YES	(NULL)	NULL	NULL	NULL	NULL	NULL
boards	position	int	4	YES	(NULL)	NULL	NULL	NULL	NULL	NULL
boards	topics_count	int	4	NO	((0))	NULL	NULL	NULL	NULL	NULL
boards	messages_count	int	4	NO	((0))	NULL	NULL	NULL	NULL	NULL
boards	last_message_id	int	4	YES	(NULL)	NULL	NULL	NULL	NULL	NULL
boards	parent_id	int	4	YES	(NULL)	NULL	NULL	NULL	NULL	NULL
changes	id	int	4	NO	NULL	PK_changes_id	NULL	NULL	NULL	NULL
changes	changeset_id	int	4	NO	NULL	NULL	NULL	NULL	NULL	NULL
changes	action	nvarchar	2	NO	(N'')	NULL	NULL	NULL	NULL	NULL
changes	path	nvarchar	-1	NO	NULL	NULL	NULL	NULL	NULL	NULL
changes	from_path	nvarchar	-1	YES	NULL	NULL	NULL	NULL	NULL	NULL
changes	from_revision	nvarchar	510	YES	(NULL)	NULL	NULL	NULL	NULL	NULL
changes	revision	nvarchar	510	YES	(NULL)	NULL	NULL	NULL	NULL	NULL
changes	branch	nvarchar	510	YES	(NULL)	NULL	NULL	NULL	NULL	NULL
changeset_parents	changeset_id	int	4	NO	NULL	NULL	NULL	NULL	NULL	NULL
changeset_parents	parent_id	int	4	NO	NULL	NULL	NULL	NULL	NULL	NULL
changesets	id	int	4	NO	NULL	PK_changesets_id	NULL	NULL	NULL	NULL
changesets	repository_id	int	4	NO	NULL	NULL	NULL	NULL	NULL	changesets$changesets_repos_rev
changesets	revision	nvarchar	510	NO	NULL	NULL	NULL	NULL	NULL	changesets$changesets_repos_rev
changesets	committer	nvarchar	510	YES	(NULL)	NULL	NULL	NULL	NULL	NULL
changesets	committed_on	datetime2	6	NO	NULL	NULL	NULL	NULL	NULL	NULL
changesets	comments	nvarchar	-1	YES	NULL	NULL	NULL	NULL	NULL	NULL
changesets	commit_date	date	3	YES	(NULL)	NULL	NULL	NULL	NULL	NULL
changesets	scmid	nvarchar	510	YES	(NULL)	NULL	NULL	NULL	NULL	NULL
changesets	user_id	int	4	YES	(NULL)	NULL	NULL	NULL	NULL	NULL
changesets_issues	changeset_id	int	4	NO	NULL	NULL	NULL	NULL	NULL	changesets_issues$changesets_issues_ids
changesets_issues	issue_id	int	4	NO	NULL	NULL	FK_changesets_issues_issues	issues	id	changesets_issues$changesets_issues_ids
comments	id	int	4	NO	NULL	PK_comments_id	NULL	NULL	NULL	NULL
comments	commented_type	nvarchar	60	NO	(N'')	NULL	NULL	NULL	NULL	NULL
comments	commented_id	int	4	NO	((0))	NULL	NULL	NULL	NULL	NULL
comments	author_id	int	4	NO	((0))	NULL	NULL	NULL	NULL	NULL
comments	content	nvarchar	-1	YES	NULL	NULL	NULL	NULL	NULL	NULL
comments	created_on	datetime2	6	NO	NULL	NULL	NULL	NULL	NULL	NULL
comments	updated_on	datetime2	6	NO	NULL	NULL	NULL	NULL	NULL	NULL
custom_field_enumerations	id	int	4	NO	NULL	PK_custom_field_enumerations_id	NULL	NULL	NULL	NULL
custom_field_enumerations	custom_field_id	int	4	NO	NULL	NULL	NULL	NULL	NULL	NULL
custom_field_enumerations	name	nvarchar	510	NO	NULL	NULL	NULL	NULL	NULL	NULL
custom_field_enumerations	active	smallint	2	NO	((1))	NULL	NULL	NULL	NULL	NULL
custom_field_enumerations	position	int	4	NO	((1))	NULL	NULL	NULL	NULL	NULL
custom_fields	id	int	4	NO	NULL	PK_custom_fields_id	NULL	NULL	NULL	NULL
custom_fields	type	nvarchar	60	NO	(N'')	NULL	NULL	NULL	NULL	NULL
custom_fields	name	nvarchar	60	NO	(N'')	NULL	NULL	NULL	NULL	NULL
custom_fields	field_format	nvarchar	60	NO	(N'')	NULL	NULL	NULL	NULL	NULL
custom_fields	possible_values	nvarchar	-1	YES	NULL	NULL	NULL	NULL	NULL	NULL
custom_fields	regexp	nvarchar	510	YES	(N'')	NULL	NULL	NULL	NULL	NULL
custom_fields	min_length	int	4	YES	(NULL)	NULL	NULL	NULL	NULL	NULL
custom_fields	max_length	int	4	YES	(NULL)	NULL	NULL	NULL	NULL	NULL
custom_fields	is_required	smallint	2	NO	((0))	NULL	NULL	NULL	NULL	NULL
custom_fields	is_for_all	smallint	2	NO	((0))	NULL	NULL	NULL	NULL	NULL
custom_fields	is_filter	smallint	2	NO	((0))	NULL	NULL	NULL	NULL	NULL
custom_fields	position	int	4	YES	(NULL)	NULL	NULL	NULL	NULL	NULL
custom_fields	searchable	smallint	2	YES	((0))	NULL	NULL	NULL	NULL	NULL
custom_fields	default_value	nvarchar	-1	YES	NULL	NULL	NULL	NULL	NULL	NULL
custom_fields	editable	smallint	2	YES	((1))	NULL	NULL	NULL	NULL	NULL
custom_fields	visible	smallint	2	NO	((1))	NULL	NULL	NULL	NULL	NULL
custom_fields	multiple	smallint	2	YES	((0))	NULL	NULL	NULL	NULL	NULL
custom_fields	format_store	nvarchar	-1	YES	NULL	NULL	NULL	NULL	NULL	NULL
custom_fields	description	nvarchar	-1	YES	NULL	NULL	NULL	NULL	NULL	NULL
custom_fields_projects	custom_field_id	int	4	NO	((0))	NULL	NULL	NULL	NULL	custom_fields_projects$index_custom_fields_projects_on_custom_field_id_and_project_id
custom_fields_projects	project_id	int	4	NO	((0))	NULL	NULL	NULL	NULL	custom_fields_projects$index_custom_fields_projects_on_custom_field_id_and_project_id
custom_fields_roles	custom_field_id	int	4	NO	NULL	NULL	NULL	NULL	NULL	custom_fields_roles$custom_fields_roles_ids
custom_fields_roles	role_id	int	4	NO	NULL	NULL	NULL	NULL	NULL	custom_fields_roles$custom_fields_roles_ids
custom_fields_trackers	custom_field_id	int	4	NO	((0))	NULL	NULL	NULL	NULL	custom_fields_trackers$index_custom_fields_trackers_on_custom_field_id_and_tracker_id
custom_fields_trackers	tracker_id	int	4	NO	((0))	NULL	NULL	NULL	NULL	custom_fields_trackers$index_custom_fields_trackers_on_custom_field_id_and_tracker_id
custom_values	id	int	4	NO	NULL	PK_custom_values_id	NULL	NULL	NULL	NULL
custom_values	customized_type	nvarchar	60	NO	(N'')	NULL	NULL	NULL	NULL	NULL
custom_values	customized_id	int	4	NO	((0))	NULL	NULL	NULL	NULL	NULL
custom_values	custom_field_id	int	4	NO	((0))	NULL	NULL	NULL	NULL	NULL
custom_values	value	nvarchar	-1	YES	NULL	NULL	NULL	NULL	NULL	NULL
documents	id	int	4	NO	NULL	PK_documents_id	NULL	NULL	NULL	NULL
documents	project_id	int	4	NO	((0))	NULL	NULL	NULL	NULL	NULL
documents	category_id	int	4	NO	((0))	NULL	NULL	NULL	NULL	NULL
documents	title	nvarchar	510	NO	(N'')	NULL	NULL	NULL	NULL	NULL
documents	description	nvarchar	-1	YES	NULL	NULL	NULL	NULL	NULL	NULL
documents	created_on	datetime	8	YES	(NULL)	NULL	NULL	NULL	NULL	NULL
email_addresses	id	int	4	NO	NULL	PK_email_addresses_id	NULL	NULL	NULL	NULL
email_addresses	user_id	int	4	NO	NULL	NULL	NULL	NULL	NULL	NULL
email_addresses	address	nvarchar	510	NO	NULL	NULL	NULL	NULL	NULL	NULL
email_addresses	is_default	smallint	2	NO	((0))	NULL	NULL	NULL	NULL	NULL
email_addresses	notify	smallint	2	NO	((1))	NULL	NULL	NULL	NULL	NULL
email_addresses	created_on	datetime2	6	NO	NULL	NULL	NULL	NULL	NULL	NULL
email_addresses	updated_on	datetime2	6	NO	NULL	NULL	NULL	NULL	NULL	NULL
enabled_modules	id	int	4	NO	NULL	PK_enabled_modules_id	NULL	NULL	NULL	NULL
enabled_modules	project_id	int	4	YES	(NULL)	NULL	NULL	NULL	NULL	NULL
enabled_modules	name	nvarchar	510	NO	NULL	NULL	NULL	NULL	NULL	NULL
enumerations	id	int	4	NO	NULL	PK_enumerations_id	NULL	NULL	NULL	NULL
enumerations	name	nvarchar	60	NO	(N'')	NULL	NULL	NULL	NULL	NULL
enumerations	position	int	4	YES	(NULL)	NULL	NULL	NULL	NULL	NULL
enumerations	is_default	smallint	2	NO	((0))	NULL	NULL	NULL	NULL	NULL
enumerations	type	nvarchar	510	YES	(NULL)	NULL	NULL	NULL	NULL	NULL
enumerations	active	smallint	2	NO	((1))	NULL	NULL	NULL	NULL	NULL
enumerations	project_id	int	4	YES	(NULL)	NULL	NULL	NULL	NULL	NULL
enumerations	parent_id	int	4	YES	(NULL)	NULL	NULL	NULL	NULL	NULL
enumerations	position_name	nvarchar	60	YES	(NULL)	NULL	NULL	NULL	NULL	NULL
groups_users	group_id	int	4	NO	NULL	NULL	NULL	NULL	NULL	groups_users$groups_users_ids
groups_users	user_id	int	4	NO	NULL	NULL	NULL	NULL	NULL	groups_users$groups_users_ids
import_items	id	int	4	NO	NULL	PK_import_items_id	NULL	NULL	NULL	NULL
import_items	import_id	int	4	NO	NULL	NULL	NULL	NULL	NULL	NULL
import_items	position	int	4	NO	NULL	NULL	NULL	NULL	NULL	NULL
import_items	obj_id	int	4	YES	(NULL)	NULL	NULL	NULL	NULL	NULL
import_items	message	nvarchar	-1	YES	NULL	NULL	NULL	NULL	NULL	NULL
import_items	unique_id	nvarchar	510	YES	(NULL)	NULL	NULL	NULL	NULL	NULL
imports	id	int	4	NO	NULL	PK_imports_id	NULL	NULL	NULL	NULL
imports	type	nvarchar	510	YES	(NULL)	NULL	NULL	NULL	NULL	NULL
imports	user_id	int	4	NO	NULL	NULL	NULL	NULL	NULL	NULL
imports	filename	nvarchar	510	YES	(NULL)	NULL	NULL	NULL	NULL	NULL
imports	settings	nvarchar	-1	YES	NULL	NULL	NULL	NULL	NULL	NULL
imports	total_items	int	4	YES	(NULL)	NULL	NULL	NULL	NULL	NULL
imports	finished	smallint	2	NO	((0))	NULL	NULL	NULL	NULL	NULL
imports	created_at	datetime2	6	NO	NULL	NULL	NULL	NULL	NULL	NULL
imports	updated_at	datetime2	6	NO	NULL	NULL	NULL	NULL	NULL	NULL
issue_categories	id	int	4	NO	NULL	PK_issue_categories_id	NULL	NULL	NULL	NULL
issue_categories	project_id	int	4	NO	((0))	NULL	NULL	NULL	NULL	NULL
issue_categories	name	nvarchar	120	NO	(N'')	NULL	NULL	NULL	NULL	NULL
issue_categories	assigned_to_id	int	4	YES	(NULL)	NULL	NULL	NULL	NULL	NULL
issue_relations	id	int	4	NO	NULL	PK_issue_relations_id	NULL	NULL	NULL	NULL
issue_relations	issue_from_id	int	4	NO	NULL	NULL	NULL	NULL	NULL	issue_relations$index_issue_relations_on_issue_from_id_and_issue_to_id
issue_relations	issue_to_id	int	4	NO	NULL	NULL	NULL	NULL	NULL	issue_relations$index_issue_relations_on_issue_from_id_and_issue_to_id
issue_relations	relation_type	nvarchar	510	NO	(N'')	NULL	NULL	NULL	NULL	NULL
issue_relations	delay	int	4	YES	(NULL)	NULL	NULL	NULL	NULL	NULL
issue_statuses	id	int	4	NO	NULL	PK_issue_statuses_id	NULL	NULL	NULL	NULL
issue_statuses	name	nvarchar	60	NO	(N'')	NULL	NULL	NULL	NULL	NULL
issue_statuses	is_closed	smallint	2	NO	((0))	NULL	NULL	NULL	NULL	NULL
issue_statuses	position	int	4	YES	(NULL)	NULL	NULL	NULL	NULL	NULL
issue_statuses	default_done_ratio	int	4	YES	(NULL)	NULL	NULL	NULL	NULL	NULL
issues	id	int	4	NO	NULL	PK_issues_id	NULL	NULL	NULL	NULL
issues	tracker_id	int	4	NO	NULL	NULL	NULL	NULL	NULL	NULL
issues	project_id	int	4	NO	NULL	NULL	NULL	NULL	NULL	NULL
issues	subject	nvarchar	510	NO	(N'')	NULL	NULL	NULL	NULL	NULL
issues	description	nvarchar	-1	YES	NULL	NULL	NULL	NULL	NULL	NULL
issues	due_date	date	3	YES	(NULL)	NULL	NULL	NULL	NULL	NULL
issues	category_id	int	4	YES	(NULL)	NULL	NULL	NULL	NULL	NULL
issues	status_id	int	4	NO	NULL	NULL	NULL	NULL	NULL	NULL
issues	assigned_to_id	int	4	YES	(NULL)	NULL	NULL	NULL	NULL	NULL
issues	priority_id	int	4	NO	NULL	NULL	NULL	NULL	NULL	NULL
issues	fixed_version_id	int	4	YES	(NULL)	NULL	NULL	NULL	NULL	NULL
issues	author_id	int	4	NO	NULL	NULL	NULL	NULL	NULL	NULL
issues	lock_version	int	4	NO	((0))	NULL	NULL	NULL	NULL	NULL
issues	created_on	datetime	8	YES	(NULL)	NULL	NULL	NULL	NULL	NULL
issues	updated_on	datetime	8	YES	(NULL)	NULL	NULL	NULL	NULL	NULL
issues	start_date	date	3	YES	(NULL)	NULL	NULL	NULL	NULL	NULL
issues	done_ratio	int	4	NO	((0))	NULL	NULL	NULL	NULL	NULL
issues	estimated_hours	real	4	YES	(NULL)	NULL	NULL	NULL	NULL	NULL
issues	parent_id	int	4	YES	(NULL)	NULL	NULL	NULL	NULL	NULL
issues	root_id	int	4	YES	(NULL)	NULL	NULL	NULL	NULL	NULL
issues	lft	int	4	YES	(NULL)	NULL	NULL	NULL	NULL	NULL
issues	rgt	int	4	YES	(NULL)	NULL	NULL	NULL	NULL	NULL
issues	is_private	smallint	2	NO	((0))	NULL	NULL	NULL	NULL	NULL
issues	closed_on	datetime2	6	YES	(NULL)	NULL	NULL	NULL	NULL	NULL
journal_details	id	int	4	NO	NULL	PK_journal_details_id	NULL	NULL	NULL	NULL
journal_details	journal_id	int	4	NO	((0))	NULL	NULL	NULL	NULL	NULL
journal_details	property	nvarchar	60	NO	(N'')	NULL	NULL	NULL	NULL	NULL
journal_details	prop_key	nvarchar	60	NO	(N'')	NULL	NULL	NULL	NULL	NULL
journal_details	old_value	nvarchar	-1	YES	NULL	NULL	NULL	NULL	NULL	NULL
journal_details	value	nvarchar	-1	YES	NULL	NULL	NULL	NULL	NULL	NULL
journals	id	int	4	NO	NULL	PK_journals_id	NULL	NULL	NULL	NULL
journals	journalized_id	int	4	NO	((0))	NULL	NULL	NULL	NULL	NULL
journals	journalized_type	nvarchar	60	NO	(N'')	NULL	NULL	NULL	NULL	NULL
journals	user_id	int	4	NO	((0))	NULL	NULL	NULL	NULL	NULL
journals	notes	nvarchar	-1	YES	NULL	NULL	NULL	NULL	NULL	NULL
journals	created_on	datetime2	6	NO	NULL	NULL	NULL	NULL	NULL	NULL
journals	private_notes	smallint	2	NO	((0))	NULL	NULL	NULL	NULL	NULL
member_roles	id	int	4	NO	NULL	PK_member_roles_id	NULL	NULL	NULL	NULL
member_roles	member_id	int	4	NO	NULL	NULL	NULL	NULL	NULL	NULL
member_roles	role_id	int	4	NO	NULL	NULL	NULL	NULL	NULL	NULL
member_roles	inherited_from	int	4	YES	(NULL)	NULL	NULL	NULL	NULL	NULL
members	id	int	4	NO	NULL	PK_members_id	NULL	NULL	NULL	NULL
members	user_id	int	4	NO	((0))	NULL	NULL	NULL	NULL	members$index_members_on_user_id_and_project_id
members	project_id	int	4	NO	((0))	NULL	NULL	NULL	NULL	members$index_members_on_user_id_and_project_id
members	created_on	datetime	8	YES	(NULL)	NULL	NULL	NULL	NULL	NULL
members	mail_notification	smallint	2	NO	((0))	NULL	NULL	NULL	NULL	NULL
messages	id	int	4	NO	NULL	PK_messages_id	NULL	NULL	NULL	NULL
messages	board_id	int	4	NO	NULL	NULL	NULL	NULL	NULL	NULL
messages	parent_id	int	4	YES	(NULL)	NULL	NULL	NULL	NULL	NULL
messages	subject	nvarchar	510	NO	(N'')	NULL	NULL	NULL	NULL	NULL
messages	content	nvarchar	-1	YES	NULL	NULL	NULL	NULL	NULL	NULL
messages	author_id	int	4	YES	(NULL)	NULL	NULL	NULL	NULL	NULL
messages	replies_count	int	4	NO	((0))	NULL	NULL	NULL	NULL	NULL
messages	last_reply_id	int	4	YES	(NULL)	NULL	NULL	NULL	NULL	NULL
messages	created_on	datetime2	6	NO	NULL	NULL	NULL	NULL	NULL	NULL
messages	updated_on	datetime2	6	NO	NULL	NULL	NULL	NULL	NULL	NULL
messages	locked	smallint	2	YES	((0))	NULL	NULL	NULL	NULL	NULL
messages	sticky	int	4	YES	((0))	NULL	NULL	NULL	NULL	NULL
news	id	int	4	NO	NULL	PK_news_id	NULL	NULL	NULL	NULL
news	project_id	int	4	YES	(NULL)	NULL	NULL	NULL	NULL	NULL
news	title	nvarchar	120	NO	(N'')	NULL	NULL	NULL	NULL	NULL
news	summary	nvarchar	510	YES	(N'')	NULL	NULL	NULL	NULL	NULL
news	description	nvarchar	-1	YES	NULL	NULL	NULL	NULL	NULL	NULL
news	author_id	int	4	NO	((0))	NULL	NULL	NULL	NULL	NULL
news	created_on	datetime	8	YES	(NULL)	NULL	NULL	NULL	NULL	NULL
news	comments_count	int	4	NO	((0))	NULL	NULL	NULL	NULL	NULL
open_id_authentication_associations	id	int	4	NO	NULL	PK_open_id_authentication_associations_id	NULL	NULL	NULL	NULL
open_id_authentication_associations	issued	int	4	YES	(NULL)	NULL	NULL	NULL	NULL	NULL
open_id_authentication_associations	lifetime	int	4	YES	(NULL)	NULL	NULL	NULL	NULL	NULL
open_id_authentication_associations	handle	nvarchar	510	YES	(NULL)	NULL	NULL	NULL	NULL	NULL
open_id_authentication_associations	assoc_type	nvarchar	510	YES	(NULL)	NULL	NULL	NULL	NULL	NULL
open_id_authentication_associations	server_url	varbinary	1024	YES	NULL	NULL	NULL	NULL	NULL	NULL
open_id_authentication_associations	secret	varbinary	1024	YES	NULL	NULL	NULL	NULL	NULL	NULL
open_id_authentication_nonces	id	int	4	NO	NULL	PK_open_id_authentication_nonces_id	NULL	NULL	NULL	NULL
open_id_authentication_nonces	timestamp	int	4	NO	NULL	NULL	NULL	NULL	NULL	NULL
open_id_authentication_nonces	server_url	nvarchar	510	YES	(NULL)	NULL	NULL	NULL	NULL	NULL
open_id_authentication_nonces	salt	nvarchar	510	NO	NULL	NULL	NULL	NULL	NULL	NULL
projects	id	int	4	NO	NULL	PK_projects_id	NULL	NULL	NULL	NULL
projects	name	nvarchar	510	NO	(N'')	NULL	NULL	NULL	NULL	NULL
projects	description	nvarchar	-1	YES	NULL	NULL	NULL	NULL	NULL	NULL
projects	homepage	nvarchar	510	YES	(N'')	NULL	NULL	NULL	NULL	NULL
projects	is_public	smallint	2	NO	((1))	NULL	NULL	NULL	NULL	NULL
projects	parent_id	int	4	YES	(NULL)	NULL	NULL	NULL	NULL	NULL
projects	created_on	datetime	8	YES	(NULL)	NULL	NULL	NULL	NULL	NULL
projects	updated_on	datetime	8	YES	(NULL)	NULL	NULL	NULL	NULL	NULL
projects	identifier	nvarchar	510	YES	(NULL)	NULL	NULL	NULL	NULL	NULL
projects	status	int	4	NO	((1))	NULL	NULL	NULL	NULL	NULL
projects	lft	int	4	YES	(NULL)	NULL	NULL	NULL	NULL	NULL
projects	rgt	int	4	YES	(NULL)	NULL	NULL	NULL	NULL	NULL
projects	inherit_members	smallint	2	NO	((0))	NULL	NULL	NULL	NULL	NULL
projects	default_version_id	int	4	YES	(NULL)	NULL	NULL	NULL	NULL	NULL
projects	default_assigned_to_id	int	4	YES	(NULL)	NULL	NULL	NULL	NULL	NULL
projects_trackers	project_id	int	4	NO	((0))	NULL	NULL	NULL	NULL	projects_trackers$projects_trackers_unique
projects_trackers	tracker_id	int	4	NO	((0))	NULL	FK_projects_trackers_trackers	trackers	id	projects_trackers$projects_trackers_unique
queries	id	int	4	NO	NULL	PK_queries_id	NULL	NULL	NULL	NULL
queries	project_id	int	4	YES	(NULL)	NULL	NULL	NULL	NULL	NULL
queries	name	nvarchar	510	NO	(N'')	NULL	NULL	NULL	NULL	NULL
queries	filters	nvarchar	-1	YES	NULL	NULL	NULL	NULL	NULL	NULL
queries	user_id	int	4	NO	((0))	NULL	NULL	NULL	NULL	NULL
queries	column_names	nvarchar	-1	YES	NULL	NULL	NULL	NULL	NULL	NULL
queries	sort_criteria	nvarchar	-1	YES	NULL	NULL	NULL	NULL	NULL	NULL
queries	group_by	nvarchar	510	YES	(NULL)	NULL	NULL	NULL	NULL	NULL
queries	type	nvarchar	510	YES	(NULL)	NULL	NULL	NULL	NULL	NULL
queries	visibility	int	4	YES	((0))	NULL	NULL	NULL	NULL	NULL
queries	options	nvarchar	-1	YES	NULL	NULL	NULL	NULL	NULL	NULL
queries_roles	query_id	int	4	NO	NULL	NULL	NULL	NULL	NULL	queries_roles$queries_roles_ids
queries_roles	role_id	int	4	NO	NULL	NULL	NULL	NULL	NULL	queries_roles$queries_roles_ids
repositories	id	int	4	NO	NULL	PK_repositories_id	NULL	NULL	NULL	NULL
repositories	project_id	int	4	NO	((0))	NULL	NULL	NULL	NULL	NULL
repositories	url	nvarchar	510	NO	(N'')	NULL	NULL	NULL	NULL	NULL
repositories	login	nvarchar	120	YES	(N'')	NULL	NULL	NULL	NULL	NULL
repositories	password	nvarchar	510	YES	(N'')	NULL	NULL	NULL	NULL	NULL
repositories	root_url	nvarchar	510	YES	(N'')	NULL	NULL	NULL	NULL	NULL
repositories	type	nvarchar	510	YES	(NULL)	NULL	NULL	NULL	NULL	NULL
repositories	path_encoding	nvarchar	128	YES	(NULL)	NULL	NULL	NULL	NULL	NULL
repositories	log_encoding	nvarchar	128	YES	(NULL)	NULL	NULL	NULL	NULL	NULL
repositories	extra_info	nvarchar	-1	YES	NULL	NULL	NULL	NULL	NULL	NULL
repositories	identifier	nvarchar	510	YES	(NULL)	NULL	NULL	NULL	NULL	NULL
repositories	is_default	smallint	2	YES	((0))	NULL	NULL	NULL	NULL	NULL
repositories	created_on	datetime	8	YES	(NULL)	NULL	NULL	NULL	NULL	NULL
roles	id	int	4	NO	NULL	PK_roles_id	NULL	NULL	NULL	NULL
roles	name	nvarchar	510	NO	(N'')	NULL	NULL	NULL	NULL	NULL
roles	position	int	4	YES	(NULL)	NULL	NULL	NULL	NULL	NULL
roles	assignable	smallint	2	YES	((1))	NULL	NULL	NULL	NULL	NULL
roles	builtin	int	4	NO	((0))	NULL	NULL	NULL	NULL	NULL
roles	permissions	nvarchar	-1	YES	NULL	NULL	NULL	NULL	NULL	NULL
roles	issues_visibility	nvarchar	60	NO	(N'default')	NULL	NULL	NULL	NULL	NULL
roles	users_visibility	nvarchar	60	NO	(N'all')	NULL	NULL	NULL	NULL	NULL
roles	time_entries_visibility	nvarchar	60	NO	(N'all')	NULL	NULL	NULL	NULL	NULL
roles	all_roles_managed	smallint	2	NO	((1))	NULL	NULL	NULL	NULL	NULL
roles	settings	nvarchar	-1	YES	NULL	NULL	NULL	NULL	NULL	NULL
roles_managed_roles	role_id	int	4	NO	NULL	NULL	NULL	NULL	NULL	roles_managed_roles$index_roles_managed_roles_on_role_id_and_managed_role_id
roles_managed_roles	managed_role_id	int	4	NO	NULL	NULL	roles_managed_roles_roles_id_fk	roles	id	roles_managed_roles$index_roles_managed_roles_on_role_id_and_managed_role_id
schema_migrations	version	nvarchar	510	NO	NULL	PK_schema_migrations_version	NULL	NULL	NULL	NULL
settings	id	int	4	NO	NULL	PK_settings_id	NULL	NULL	NULL	NULL
settings	name	nvarchar	510	NO	(N'')	NULL	NULL	NULL	NULL	NULL
settings	value	nvarchar	-1	YES	NULL	NULL	NULL	NULL	NULL	NULL
settings	updated_on	datetime	8	YES	(NULL)	NULL	NULL	NULL	NULL	NULL
time_entries	id	int	4	NO	NULL	PK_time_entries_id	NULL	NULL	NULL	NULL
time_entries	project_id	int	4	NO	NULL	NULL	NULL	NULL	NULL	NULL
time_entries	author_id	int	4	YES	(NULL)	NULL	NULL	NULL	NULL	NULL
time_entries	user_id	int	4	NO	NULL	NULL	NULL	NULL	NULL	NULL
time_entries	issue_id	int	4	YES	(NULL)	NULL	NULL	NULL	NULL	NULL
time_entries	hours	real	4	NO	NULL	NULL	NULL	NULL	NULL	NULL
time_entries	comments	nvarchar	2048	YES	(NULL)	NULL	NULL	NULL	NULL	NULL
time_entries	activity_id	int	4	NO	NULL	NULL	NULL	NULL	NULL	NULL
time_entries	spent_on	date	3	NO	NULL	NULL	NULL	NULL	NULL	NULL
time_entries	tyear	int	4	NO	NULL	NULL	NULL	NULL	NULL	NULL
time_entries	tmonth	int	4	NO	NULL	NULL	NULL	NULL	NULL	NULL
time_entries	tweek	int	4	NO	NULL	NULL	NULL	NULL	NULL	NULL
time_entries	created_on	datetime2	6	NO	NULL	NULL	NULL	NULL	NULL	NULL
time_entries	updated_on	datetime2	6	NO	NULL	NULL	NULL	NULL	NULL	NULL
tokens	id	int	4	NO	NULL	PK_tokens_id	NULL	NULL	NULL	NULL
tokens	user_id	int	4	NO	((0))	NULL	NULL	NULL	NULL	NULL
tokens	action	nvarchar	60	NO	(N'')	NULL	NULL	NULL	NULL	NULL
tokens	value	nvarchar	80	NO	(N'')	NULL	NULL	NULL	NULL	tokens$tokens_value
tokens	created_on	datetime2	6	NO	NULL	NULL	NULL	NULL	NULL	NULL
tokens	updated_on	datetime	8	YES	(NULL)	NULL	NULL	NULL	NULL	NULL
trackers	id	int	4	NO	NULL	PK_trackers_id	NULL	NULL	NULL	NULL
trackers	name	nvarchar	60	NO	(N'')	NULL	NULL	NULL	NULL	NULL
trackers	description	nvarchar	510	YES	(NULL)	NULL	NULL	NULL	NULL	NULL
trackers	is_in_chlog	smallint	2	NO	((0))	NULL	NULL	NULL	NULL	NULL
trackers	position	int	4	YES	(NULL)	NULL	NULL	NULL	NULL	NULL
trackers	is_in_roadmap	smallint	2	NO	((1))	NULL	NULL	NULL	NULL	NULL
trackers	fields_bits	int	4	YES	((0))	NULL	NULL	NULL	NULL	NULL
trackers	default_status_id	int	4	YES	(NULL)	NULL	NULL	NULL	NULL	NULL
user_preferences	id	int	4	NO	NULL	PK_user_preferences_id	NULL	NULL	NULL	NULL
user_preferences	user_id	int	4	NO	((0))	NULL	NULL	NULL	NULL	NULL
user_preferences	others	nvarchar	-1	YES	NULL	NULL	NULL	NULL	NULL	NULL
user_preferences	hide_mail	smallint	2	YES	((1))	NULL	NULL	NULL	NULL	NULL
user_preferences	time_zone	nvarchar	510	YES	(NULL)	NULL	NULL	NULL	NULL	NULL
users	id	int	4	NO	NULL	PK_users_id	NULL	NULL	NULL	NULL
users	login	nvarchar	510	NO	(N'')	NULL	NULL	NULL	NULL	NULL
users	hashed_password	nvarchar	80	NO	(N'')	NULL	NULL	NULL	NULL	NULL
users	firstname	nvarchar	60	NO	(N'')	NULL	NULL	NULL	NULL	NULL
users	lastname	nvarchar	510	NO	(N'')	NULL	NULL	NULL	NULL	NULL
users	admin	smallint	2	NO	((0))	NULL	NULL	NULL	NULL	NULL
users	status	int	4	NO	((1))	NULL	NULL	NULL	NULL	NULL
users	last_login_on	datetime2	6	YES	(NULL)	NULL	NULL	NULL	NULL	NULL
users	language	nvarchar	10	YES	(N'')	NULL	NULL	NULL	NULL	NULL
users	auth_source_id	int	4	YES	(NULL)	NULL	NULL	NULL	NULL	NULL
users	created_on	datetime	8	YES	(NULL)	NULL	NULL	NULL	NULL	NULL
users	updated_on	datetime	8	YES	(NULL)	NULL	NULL	NULL	NULL	NULL
users	type	nvarchar	510	YES	(NULL)	NULL	NULL	NULL	NULL	NULL
users	identity_url	nvarchar	510	YES	(NULL)	NULL	NULL	NULL	NULL	NULL
users	mail_notification	nvarchar	510	NO	(N'')	NULL	NULL	NULL	NULL	NULL
users	salt	nvarchar	128	YES	(NULL)	NULL	NULL	NULL	NULL	NULL
users	must_change_passwd	smallint	2	NO	((0))	NULL	NULL	NULL	NULL	NULL
users	passwd_changed_on	datetime2	6	YES	(NULL)	NULL	NULL	NULL	NULL	NULL
versions	id	int	4	NO	NULL	PK_versions_id	NULL	NULL	NULL	NULL
versions	project_id	int	4	NO	((0))	NULL	NULL	NULL	NULL	NULL
versions	name	nvarchar	510	NO	(N'')	NULL	NULL	NULL	NULL	NULL
versions	description	nvarchar	510	YES	(N'')	NULL	NULL	NULL	NULL	NULL
versions	effective_date	date	3	YES	(NULL)	NULL	NULL	NULL	NULL	NULL
versions	created_on	datetime	8	YES	(NULL)	NULL	NULL	NULL	NULL	NULL
versions	updated_on	datetime	8	YES	(NULL)	NULL	NULL	NULL	NULL	NULL
versions	wiki_page_title	nvarchar	510	YES	(NULL)	NULL	NULL	NULL	NULL	NULL
versions	status	nvarchar	510	YES	(N'open')	NULL	NULL	NULL	NULL	NULL
versions	sharing	nvarchar	510	NO	(N'none')	NULL	NULL	NULL	NULL	NULL
watchers	id	int	4	NO	NULL	PK_watchers_id	NULL	NULL	NULL	NULL
watchers	watchable_type	nvarchar	510	NO	(N'')	NULL	NULL	NULL	NULL	NULL
watchers	watchable_id	int	4	NO	((0))	NULL	NULL	NULL	NULL	NULL
watchers	user_id	int	4	NO	(NULL)	NULL	FK_watchers_users	users	id	NULL
wiki_content_versions	id	int	4	NO	NULL	PK_wiki_content_versions_id	NULL	NULL	NULL	NULL
wiki_content_versions	wiki_content_id	int	4	NO	NULL	NULL	NULL	NULL	NULL	NULL
wiki_content_versions	page_id	int	4	NO	NULL	NULL	NULL	NULL	NULL	NULL
wiki_content_versions	author_id	int	4	YES	(NULL)	NULL	NULL	NULL	NULL	NULL
wiki_content_versions	data	varbinary	1024	YES	NULL	NULL	NULL	NULL	NULL	NULL
wiki_content_versions	compression	nvarchar	12	YES	(N'')	NULL	NULL	NULL	NULL	NULL
wiki_content_versions	comments	nvarchar	2048	YES	(N'')	NULL	NULL	NULL	NULL	NULL
wiki_content_versions	updated_on	datetime2	6	NO	NULL	NULL	NULL	NULL	NULL	NULL
wiki_content_versions	version	int	4	NO	NULL	NULL	NULL	NULL	NULL	NULL
wiki_contents	id	int	4	NO	NULL	PK_wiki_contents_id	NULL	NULL	NULL	NULL
wiki_contents	page_id	int	4	NO	NULL	NULL	NULL	NULL	NULL	NULL
wiki_contents	author_id	int	4	YES	(NULL)	NULL	NULL	NULL	NULL	NULL
wiki_contents	text	nvarchar	-1	YES	NULL	NULL	NULL	NULL	NULL	NULL
wiki_contents	comments	nvarchar	2048	YES	(N'')	NULL	NULL	NULL	NULL	NULL
wiki_contents	updated_on	datetime2	6	NO	NULL	NULL	NULL	NULL	NULL	NULL
wiki_contents	version	int	4	NO	NULL	NULL	NULL	NULL	NULL	NULL
wiki_pages	id	int	4	NO	NULL	PK_wiki_pages_id	NULL	NULL	NULL	NULL
wiki_pages	wiki_id	int	4	NO	NULL	NULL	NULL	NULL	NULL	NULL
wiki_pages	title	nvarchar	510	NO	NULL	NULL	NULL	NULL	NULL	NULL
wiki_pages	created_on	datetime2	6	NO	NULL	NULL	NULL	NULL	NULL	NULL
wiki_pages	protected	smallint	2	NO	((0))	NULL	NULL	NULL	NULL	NULL
wiki_pages	parent_id	int	4	YES	(NULL)	NULL	NULL	NULL	NULL	NULL
wiki_redirects	id	int	4	NO	NULL	PK_wiki_redirects_id	NULL	NULL	NULL	NULL
wiki_redirects	wiki_id	int	4	NO	NULL	NULL	NULL	NULL	NULL	NULL
wiki_redirects	title	nvarchar	510	YES	(NULL)	NULL	NULL	NULL	NULL	NULL
wiki_redirects	redirects_to	nvarchar	510	YES	(NULL)	NULL	NULL	NULL	NULL	NULL
wiki_redirects	created_on	datetime2	6	NO	NULL	NULL	NULL	NULL	NULL	NULL
wiki_redirects	redirects_to_wiki_id	int	4	NO	NULL	NULL	NULL	NULL	NULL	NULL
wikis	id	int	4	NO	NULL	PK_wikis_id	NULL	NULL	NULL	NULL
wikis	project_id	int	4	NO	NULL	NULL	NULL	NULL	NULL	NULL
wikis	start_page	nvarchar	510	NO	NULL	NULL	NULL	NULL	NULL	NULL
wikis	status	int	4	NO	((1))	NULL	NULL	NULL	NULL	NULL
workflows	id	int	4	NO	NULL	PK_workflows_id	NULL	NULL	NULL	NULL
workflows	tracker_id	int	4	NO	((0))	NULL	NULL	NULL	NULL	NULL
workflows	old_status_id	int	4	NO	((0))	NULL	NULL	NULL	NULL	NULL
workflows	new_status_id	int	4	NO	((0))	NULL	NULL	NULL	NULL	NULL
workflows	role_id	int	4	NO	((0))	NULL	NULL	NULL	NULL	NULL
workflows	assignee	smallint	2	NO	((0))	NULL	NULL	NULL	NULL	NULL
workflows	author	smallint	2	NO	((0))	NULL	NULL	NULL	NULL	NULL
workflows	type	nvarchar	60	YES	(NULL)	NULL	NULL	NULL	NULL	NULL
workflows	field_name	nvarchar	60	YES	(NULL)	NULL	NULL	NULL	NULL	NULL
workflows	rule	nvarchar	60	YES	(NULL)	NULL	NULL	NULL	NULL	NULL
